<?xml version="1.0" encoding="UTF-8"?>
<spirit:component xmlns:xilinx="http://www.xilinx.com" xmlns:spirit="http://www.spiritconsortium.org/XMLSchema/SPIRIT/1685-2009" xmlns:xsi="http://www.w3.org/2001/XMLSchema-instance">
  <spirit:vendor>xilinx.com</spirit:vendor>
  <spirit:library>user</spirit:library>
  <spirit:name>spi_two</spirit:name>
  <spirit:version>1.0</spirit:version>
  <spirit:busInterfaces>
    <spirit:busInterface>
      <spirit:name>reset_n</spirit:name>
      <spirit:busType spirit:vendor="xilinx.com" spirit:library="signal" spirit:name="reset" spirit:version="1.0"/>
      <spirit:abstractionType spirit:vendor="xilinx.com" spirit:library="signal" spirit:name="reset_rtl" spirit:version="1.0"/>
      <spirit:master/>
      <spirit:portMaps>
        <spirit:portMap>
          <spirit:logicalPort>
            <spirit:name>RST</spirit:name>
          </spirit:logicalPort>
          <spirit:physicalPort>
            <spirit:name>reset_n</spirit:name>
          </spirit:physicalPort>
        </spirit:portMap>
      </spirit:portMaps>
    </spirit:busInterface>
  </spirit:busInterfaces>
  <spirit:model>
    <spirit:views>
      <spirit:view>
        <spirit:name>xilinx_anylanguagesynthesis</spirit:name>
        <spirit:displayName>Synthesis</spirit:displayName>
        <spirit:envIdentifier>:vivado.xilinx.com:synthesis</spirit:envIdentifier>
        <spirit:language>Verilog</spirit:language>
        <spirit:modelName>spi_two</spirit:modelName>
        <spirit:fileSetRef>
          <spirit:localName>xilinx_anylanguagesynthesis_view_fileset</spirit:localName>
        </spirit:fileSetRef>
        <spirit:parameters>
          <spirit:parameter>
            <spirit:name>viewChecksum</spirit:name>
            <spirit:value>db43e4b7</spirit:value>
          </spirit:parameter>
        </spirit:parameters>
      </spirit:view>
      <spirit:view>
        <spirit:name>xilinx_anylanguagebehavioralsimulation</spirit:name>
        <spirit:displayName>Simulation</spirit:displayName>
        <spirit:envIdentifier>:vivado.xilinx.com:simulation</spirit:envIdentifier>
        <spirit:language>Verilog</spirit:language>
        <spirit:modelName>spi_two</spirit:modelName>
        <spirit:fileSetRef>
          <spirit:localName>xilinx_anylanguagebehavioralsimulation_view_fileset</spirit:localName>
        </spirit:fileSetRef>
        <spirit:parameters>
          <spirit:parameter>
            <spirit:name>viewChecksum</spirit:name>
            <spirit:value>db43e4b7</spirit:value>
          </spirit:parameter>
        </spirit:parameters>
      </spirit:view>
      <spirit:view>
        <spirit:name>xilinx_xpgui</spirit:name>
        <spirit:displayName>UI Layout</spirit:displayName>
        <spirit:envIdentifier>:vivado.xilinx.com:xgui.ui</spirit:envIdentifier>
        <spirit:fileSetRef>
          <spirit:localName>xilinx_xpgui_view_fileset</spirit:localName>
        </spirit:fileSetRef>
        <spirit:parameters>
          <spirit:parameter>
            <spirit:name>viewChecksum</spirit:name>
            <spirit:value>b0b0c38b</spirit:value>
          </spirit:parameter>
        </spirit:parameters>
      </spirit:view>
    </spirit:views>
    <spirit:ports>
      <spirit:port>
        <spirit:name>sclk</spirit:name>
        <spirit:wire>
          <spirit:direction>in</spirit:direction>
          <spirit:wireTypeDefs>
            <spirit:wireTypeDef>
              <spirit:typeName>wire</spirit:typeName>
              <spirit:viewNameRef>xilinx_anylanguagesynthesis</spirit:viewNameRef>
              <spirit:viewNameRef>xilinx_anylanguagebehavioralsimulation</spirit:viewNameRef>
            </spirit:wireTypeDef>
          </spirit:wireTypeDefs>
        </spirit:wire>
      </spirit:port>
      <spirit:port>
        <spirit:name>srst</spirit:name>
        <spirit:wire>
          <spirit:direction>in</spirit:direction>
          <spirit:wireTypeDefs>
            <spirit:wireTypeDef>
              <spirit:typeName>wire</spirit:typeName>
              <spirit:viewNameRef>xilinx_anylanguagesynthesis</spirit:viewNameRef>
              <spirit:viewNameRef>xilinx_anylanguagebehavioralsimulation</spirit:viewNameRef>
            </spirit:wireTypeDef>
          </spirit:wireTypeDefs>
        </spirit:wire>
      </spirit:port>
      <spirit:port>
        <spirit:name>sdo</spirit:name>
        <spirit:wire>
          <spirit:direction>in</spirit:direction>
          <spirit:wireTypeDefs>
            <spirit:wireTypeDef>
              <spirit:typeName>wire</spirit:typeName>
              <spirit:viewNameRef>xilinx_anylanguagesynthesis</spirit:viewNameRef>
              <spirit:viewNameRef>xilinx_anylanguagebehavioralsimulation</spirit:viewNameRef>
            </spirit:wireTypeDef>
          </spirit:wireTypeDefs>
        </spirit:wire>
      </spirit:port>
      <spirit:port>
        <spirit:name>sdi</spirit:name>
        <spirit:wire>
          <spirit:direction>out</spirit:direction>
          <spirit:wireTypeDefs>
            <spirit:wireTypeDef>
              <spirit:typeName>wire</spirit:typeName>
              <spirit:viewNameRef>xilinx_anylanguagesynthesis</spirit:viewNameRef>
              <spirit:viewNameRef>xilinx_anylanguagebehavioralsimulation</spirit:viewNameRef>
            </spirit:wireTypeDef>
          </spirit:wireTypeDefs>
        </spirit:wire>
      </spirit:port>
      <spirit:port>
        <spirit:name>cs_n</spirit:name>
        <spirit:wire>
          <spirit:direction>out</spirit:direction>
          <spirit:wireTypeDefs>
            <spirit:wireTypeDef>
              <spirit:typeName>wire</spirit:typeName>
              <spirit:viewNameRef>xilinx_anylanguagesynthesis</spirit:viewNameRef>
              <spirit:viewNameRef>xilinx_anylanguagebehavioralsimulation</spirit:viewNameRef>
            </spirit:wireTypeDef>
          </spirit:wireTypeDefs>
        </spirit:wire>
      </spirit:port>
      <spirit:port>
        <spirit:name>sck</spirit:name>
        <spirit:wire>
          <spirit:direction>out</spirit:direction>
          <spirit:wireTypeDefs>
            <spirit:wireTypeDef>
              <spirit:typeName>wire</spirit:typeName>
              <spirit:viewNameRef>xilinx_anylanguagesynthesis</spirit:viewNameRef>
              <spirit:viewNameRef>xilinx_anylanguagebehavioralsimulation</spirit:viewNameRef>
            </spirit:wireTypeDef>
          </spirit:wireTypeDefs>
        </spirit:wire>
      </spirit:port>
      <spirit:port>
        <spirit:name>reset_n</spirit:name>
        <spirit:wire>
          <spirit:direction>out</spirit:direction>
          <spirit:wireTypeDefs>
            <spirit:wireTypeDef>
              <spirit:typeName>wire</spirit:typeName>
              <spirit:viewNameRef>xilinx_anylanguagesynthesis</spirit:viewNameRef>
              <spirit:viewNameRef>xilinx_anylanguagebehavioralsimulation</spirit:viewNameRef>
            </spirit:wireTypeDef>
          </spirit:wireTypeDefs>
        </spirit:wire>
      </spirit:port>
      <spirit:port>
        <spirit:name>START_n</spirit:name>
        <spirit:wire>
          <spirit:direction>out</spirit:direction>
          <spirit:wireTypeDefs>
            <spirit:wireTypeDef>
              <spirit:typeName>wire</spirit:typeName>
              <spirit:viewNameRef>xilinx_anylanguagesynthesis</spirit:viewNameRef>
              <spirit:viewNameRef>xilinx_anylanguagebehavioralsimulation</spirit:viewNameRef>
            </spirit:wireTypeDef>
          </spirit:wireTypeDefs>
        </spirit:wire>
      </spirit:port>
      <spirit:port>
        <spirit:name>mclk</spirit:name>
        <spirit:wire>
          <spirit:direction>out</spirit:direction>
          <spirit:wireTypeDefs>
            <spirit:wireTypeDef>
              <spirit:typeName>wire</spirit:typeName>
              <spirit:viewNameRef>xilinx_anylanguagesynthesis</spirit:viewNameRef>
              <spirit:viewNameRef>xilinx_anylanguagebehavioralsimulation</spirit:viewNameRef>
            </spirit:wireTypeDef>
          </spirit:wireTypeDefs>
        </spirit:wire>
      </spirit:port>
    </spirit:ports>
    <spirit:modelParameters>
      <spirit:modelParameter xsi:type="spirit:nameValueTypeType" spirit:dataType="integer">
        <spirit:name>cnt1value</spirit:name>
        <spirit:displayName>Cnt1value</spirit:displayName>
        <spirit:value spirit:format="bitString" spirit:resolve="generated" spirit:id="MODELPARAM_VALUE.cnt1value" spirit:bitStringLength="32">0x00000001</spirit:value>
      </spirit:modelParameter>
      <spirit:modelParameter spirit:dataType="integer">
        <spirit:name>idle_int_END</spirit:name>
        <spirit:displayName>Idle Int End</spirit:displayName>
        <spirit:value spirit:format="bitString" spirit:resolve="generated" spirit:id="MODELPARAM_VALUE.idle_int_END" spirit:bitStringLength="20">0x7A120</spirit:value>
      </spirit:modelParameter>
    </spirit:modelParameters>
  </spirit:model>
  <spirit:fileSets>
    <spirit:fileSet>
      <spirit:name>xilinx_anylanguagesynthesis_view_fileset</spirit:name>
      <spirit:file>
        <spirit:name>src/spi_sdo.v</spirit:name>
        <spirit:fileType>verilogSource</spirit:fileType>
        <spirit:userFileType>IMPORTED_FILE</spirit:userFileType>
      </spirit:file>
      <spirit:file>
        <spirit:name>src/spi_two.v</spirit:name>
        <spirit:fileType>verilogSource</spirit:fileType>
        <spirit:userFileType>CHECKSUM_71cc0c5a</spirit:userFileType>
        <spirit:userFileType>IMPORTED_FILE</spirit:userFileType>
      </spirit:file>
    </spirit:fileSet>
    <spirit:fileSet>
      <spirit:name>xilinx_anylanguagebehavioralsimulation_view_fileset</spirit:name>
      <spirit:file>
        <spirit:name>src/spi_sdo.v</spirit:name>
        <spirit:fileType>verilogSource</spirit:fileType>
        <spirit:userFileType>IMPORTED_FILE</spirit:userFileType>
      </spirit:file>
      <spirit:file>
        <spirit:name>src/spi_two.v</spirit:name>
        <spirit:fileType>verilogSource</spirit:fileType>
        <spirit:userFileType>IMPORTED_FILE</spirit:userFileType>
      </spirit:file>
    </spirit:fileSet>
    <spirit:fileSet>
      <spirit:name>xilinx_xpgui_view_fileset</spirit:name>
      <spirit:file>
        <spirit:name>xgui/spi_two_v1_0.tcl</spirit:name>
        <spirit:fileType>tclSource</spirit:fileType>
        <spirit:userFileType>CHECKSUM_b0b0c38b</spirit:userFileType>
        <spirit:userFileType>XGUI_VERSION_2</spirit:userFileType>
      </spirit:file>
    </spirit:fileSet>
  </spirit:fileSets>
  <spirit:description>ad7768_spi_two</spirit:description>
  <spirit:parameters>
    <spirit:parameter>
      <spirit:name>cnt1value</spirit:name>
      <spirit:displayName>Cnt1value</spirit:displayName>
      <spirit:value spirit:format="bitString" spirit:resolve="user" spirit:id="PARAM_VALUE.cnt1value" spirit:bitStringLength="32">0x00000001</spirit:value>
    </spirit:parameter>
    <spirit:parameter>
      <spirit:name>idle_int_END</spirit:name>
      <spirit:displayName>Idle Int End</spirit:displayName>
      <spirit:value spirit:format="bitString" spirit:resolve="user" spirit:id="PARAM_VALUE.idle_int_END" spirit:bitStringLength="20">0x7A120</spirit:value>
    </spirit:parameter>
    <spirit:parameter>
      <spirit:name>Component_Name</spirit:name>
      <spirit:value spirit:resolve="user" spirit:id="PARAM_VALUE.Component_Name" spirit:order="1">spi_two_v1_0</spirit:value>
    </spirit:parameter>
  </spirit:parameters>
  <spirit:vendorExtensions>
    <xilinx:coreExtensions>
      <xilinx:supportedFamilies>
        <xilinx:family xilinx:lifeCycle="Production">zynq</xilinx:family>
      </xilinx:supportedFamilies>
      <xilinx:taxonomies>
        <xilinx:taxonomy>/UserIP</xilinx:taxonomy>
      </xilinx:taxonomies>
      <xilinx:displayName>ad7768_spi_two</xilinx:displayName>
      <xilinx:definitionSource>package_project</xilinx:definitionSource>
      <xilinx:coreRevision>3</xilinx:coreRevision>
      <xilinx:coreCreationDateTime>2020-08-01T08:46:55Z</xilinx:coreCreationDateTime>
      <xilinx:tags>
        <xilinx:tag xilinx:name="ui.data.coregen.dd@2e26c371_ARCHIVE_LOCATION">e:/FPGAlearn/pynq/prj/ip_repo/ad7768_spi_two</xilinx:tag>
        <xilinx:tag xilinx:name="ui.data.coregen.dd@6bf4d3ab_ARCHIVE_LOCATION">e:/FPGAlearn/pynq/prj/ip_repo/ad7768_spi_two</xilinx:tag>
        <xilinx:tag xilinx:name="ui.data.coregen.dd@4664b1c_ARCHIVE_LOCATION">e:/FPGAlearn/pynq/prj/ip_repo/ad7768_spi_two</xilinx:tag>
        <xilinx:tag xilinx:name="ui.data.coregen.dd@171801c7_ARCHIVE_LOCATION">e:/FPGAlearn/pynq/prj/ip_repo/ad7768_spi_two</xilinx:tag>
        <xilinx:tag xilinx:name="ui.data.coregen.dd@29d8512d_ARCHIVE_LOCATION">e:/FPGAlearn/pynq/prj/ip_repo/ad7768_spi_two</xilinx:tag>
        <xilinx:tag xilinx:name="ui.data.coregen.dd@38939da0_ARCHIVE_LOCATION">e:/FPGAlearn/pynq/prj/ip_repo/ad7768_spi_two</xilinx:tag>
        <xilinx:tag xilinx:name="ui.data.coregen.dd@48b21cba_ARCHIVE_LOCATION">e:/FPGAlearn/pynq/prj/ip_repo/ad7768_spi_two</xilinx:tag>
        <xilinx:tag xilinx:name="ui.data.coregen.dd@6a30e388_ARCHIVE_LOCATION">e:/FPGAlearn/pynq/prj/ip_repo/ad7768_spi_two</xilinx:tag>
        <xilinx:tag xilinx:name="ui.data.coregen.dd@28355e67_ARCHIVE_LOCATION">e:/FPGAlearn/pynq/prj/ip_repo/ad7768_spi_two</xilinx:tag>
        <xilinx:tag xilinx:name="ui.data.coregen.dd@2de79398_ARCHIVE_LOCATION">e:/FPGAlearn/pynq/prj/ip_repo/ad7768_spi_two</xilinx:tag>
        <xilinx:tag xilinx:name="ui.data.coregen.dd@41fb6a65_ARCHIVE_LOCATION">e:/FPGAlearn/pynq/prj/ip_repo/ad7768_spi_two</xilinx:tag>
        <xilinx:tag xilinx:name="ui.data.coregen.dd@5d2bb917_ARCHIVE_LOCATION">e:/FPGAlearn/pynq/prj/ip_repo/ad7768_spi_two</xilinx:tag>
        <xilinx:tag xilinx:name="ui.data.coregen.dd@11012ff8_ARCHIVE_LOCATION">e:/FPGAlearn/pynq/prj/ip_repo/ad7768_spi_two</xilinx:tag>
        <xilinx:tag xilinx:name="ui.data.coregen.dd@2a5b99a5_ARCHIVE_LOCATION">d:/makai/AD7768/ip_repo/ad7768_spi_two</xilinx:tag>
        <xilinx:tag xilinx:name="ui.data.coregen.dd@7c11ed60_ARCHIVE_LOCATION">d:/makai/AD7768/ip_repo/ad7768_spi_two</xilinx:tag>
        <xilinx:tag xilinx:name="ui.data.coregen.dd@2b13849c_ARCHIVE_LOCATION">d:/makai/AD7768/ip_repo/ad7768_spi_two</xilinx:tag>
        <xilinx:tag xilinx:name="ui.data.coregen.dd@222791f7_ARCHIVE_LOCATION">d:/makai/AD7768/ip_repo/ad7768_spi_two</xilinx:tag>
        <xilinx:tag xilinx:name="ui.data.coregen.dd@7a56b6ac_ARCHIVE_LOCATION">d:/makai/AD7768/ip_repo/ad7768_spi_two</xilinx:tag>
        <xilinx:tag xilinx:name="ui.data.coregen.dd@74b9bef5_ARCHIVE_LOCATION">d:/makai/AD7768/ip_repo/ad7768_spi_two</xilinx:tag>
        <xilinx:tag xilinx:name="ui.data.coregen.dd@32c09e29_ARCHIVE_LOCATION">d:/makai/AD7768/ip_repo/ad7768_spi_two</xilinx:tag>
        <xilinx:tag xilinx:name="ui.data.coregen.dd@156aeb9f_ARCHIVE_LOCATION">d:/makai/AD7768/ip_repo/ad7768_spi_two</xilinx:tag>
        <xilinx:tag xilinx:name="ui.data.coregen.dd@5a70cabb_ARCHIVE_LOCATION">d:/makai/AD7768/ip_repo/ad7768_spi_two</xilinx:tag>
        <xilinx:tag xilinx:name="ui.data.coregen.dd@8db67f0_ARCHIVE_LOCATION">d:/makai/AD7768/ip_repo/ad7768_spi_two</xilinx:tag>
        <xilinx:tag xilinx:name="ui.data.coregen.dd@76531985_ARCHIVE_LOCATION">d:/makai/AD7768/ip_repo/ad7768_spi_two</xilinx:tag>
      </xilinx:tags>
    </xilinx:coreExtensions>
    <xilinx:packagingInfo>
      <xilinx:xilinxVersion>2018.3</xilinx:xilinxVersion>
      <xilinx:checksum xilinx:scope="busInterfaces" xilinx:value="ad5fbced"/>
      <xilinx:checksum xilinx:scope="fileGroups" xilinx:value="7235efc3"/>
      <xilinx:checksum xilinx:scope="ports" xilinx:value="f7be7c82"/>
      <xilinx:checksum xilinx:scope="hdlParameters" xilinx:value="2753b7aa"/>
      <xilinx:checksum xilinx:scope="parameters" xilinx:value="17c856ab"/>
    </xilinx:packagingInfo>
  </spirit:vendorExtensions>
</spirit:component>
