<?xml version="1.0" encoding="UTF-8"?>
<spirit:component xmlns:xilinx="http://www.xilinx.com" xmlns:spirit="http://www.spiritconsortium.org/XMLSchema/SPIRIT/1685-2009" xmlns:xsi="http://www.w3.org/2001/XMLSchema-instance">
  <spirit:vendor>xilinx.com</spirit:vendor>
  <spirit:library>user</spirit:library>
  <spirit:name>AXI_AD7768</spirit:name>
  <spirit:version>1.0</spirit:version>
  <spirit:busInterfaces>
    <spirit:busInterface>
      <spirit:name>S00_AXI</spirit:name>
      <spirit:busType spirit:vendor="xilinx.com" spirit:library="interface" spirit:name="aximm" spirit:version="1.0"/>
      <spirit:abstractionType spirit:vendor="xilinx.com" spirit:library="interface" spirit:name="aximm_rtl" spirit:version="1.0"/>
      <spirit:slave>
        <spirit:memoryMapRef spirit:memoryMapRef="S00_AXI"/>
      </spirit:slave>
      <spirit:portMaps>
        <spirit:portMap>
          <spirit:logicalPort>
            <spirit:name>AWADDR</spirit:name>
          </spirit:logicalPort>
          <spirit:physicalPort>
            <spirit:name>s00_axi_awaddr</spirit:name>
          </spirit:physicalPort>
        </spirit:portMap>
        <spirit:portMap>
          <spirit:logicalPort>
            <spirit:name>AWPROT</spirit:name>
          </spirit:logicalPort>
          <spirit:physicalPort>
            <spirit:name>s00_axi_awprot</spirit:name>
          </spirit:physicalPort>
        </spirit:portMap>
        <spirit:portMap>
          <spirit:logicalPort>
            <spirit:name>AWVALID</spirit:name>
          </spirit:logicalPort>
          <spirit:physicalPort>
            <spirit:name>s00_axi_awvalid</spirit:name>
          </spirit:physicalPort>
        </spirit:portMap>
        <spirit:portMap>
          <spirit:logicalPort>
            <spirit:name>AWREADY</spirit:name>
          </spirit:logicalPort>
          <spirit:physicalPort>
            <spirit:name>s00_axi_awready</spirit:name>
          </spirit:physicalPort>
        </spirit:portMap>
        <spirit:portMap>
          <spirit:logicalPort>
            <spirit:name>WDATA</spirit:name>
          </spirit:logicalPort>
          <spirit:physicalPort>
            <spirit:name>s00_axi_wdata</spirit:name>
          </spirit:physicalPort>
        </spirit:portMap>
        <spirit:portMap>
          <spirit:logicalPort>
            <spirit:name>WSTRB</spirit:name>
          </spirit:logicalPort>
          <spirit:physicalPort>
            <spirit:name>s00_axi_wstrb</spirit:name>
          </spirit:physicalPort>
        </spirit:portMap>
        <spirit:portMap>
          <spirit:logicalPort>
            <spirit:name>WVALID</spirit:name>
          </spirit:logicalPort>
          <spirit:physicalPort>
            <spirit:name>s00_axi_wvalid</spirit:name>
          </spirit:physicalPort>
        </spirit:portMap>
        <spirit:portMap>
          <spirit:logicalPort>
            <spirit:name>WREADY</spirit:name>
          </spirit:logicalPort>
          <spirit:physicalPort>
            <spirit:name>s00_axi_wready</spirit:name>
          </spirit:physicalPort>
        </spirit:portMap>
        <spirit:portMap>
          <spirit:logicalPort>
            <spirit:name>BRESP</spirit:name>
          </spirit:logicalPort>
          <spirit:physicalPort>
            <spirit:name>s00_axi_bresp</spirit:name>
          </spirit:physicalPort>
        </spirit:portMap>
        <spirit:portMap>
          <spirit:logicalPort>
            <spirit:name>BVALID</spirit:name>
          </spirit:logicalPort>
          <spirit:physicalPort>
            <spirit:name>s00_axi_bvalid</spirit:name>
          </spirit:physicalPort>
        </spirit:portMap>
        <spirit:portMap>
          <spirit:logicalPort>
            <spirit:name>BREADY</spirit:name>
          </spirit:logicalPort>
          <spirit:physicalPort>
            <spirit:name>s00_axi_bready</spirit:name>
          </spirit:physicalPort>
        </spirit:portMap>
        <spirit:portMap>
          <spirit:logicalPort>
            <spirit:name>ARADDR</spirit:name>
          </spirit:logicalPort>
          <spirit:physicalPort>
            <spirit:name>s00_axi_araddr</spirit:name>
          </spirit:physicalPort>
        </spirit:portMap>
        <spirit:portMap>
          <spirit:logicalPort>
            <spirit:name>ARPROT</spirit:name>
          </spirit:logicalPort>
          <spirit:physicalPort>
            <spirit:name>s00_axi_arprot</spirit:name>
          </spirit:physicalPort>
        </spirit:portMap>
        <spirit:portMap>
          <spirit:logicalPort>
            <spirit:name>ARVALID</spirit:name>
          </spirit:logicalPort>
          <spirit:physicalPort>
            <spirit:name>s00_axi_arvalid</spirit:name>
          </spirit:physicalPort>
        </spirit:portMap>
        <spirit:portMap>
          <spirit:logicalPort>
            <spirit:name>ARREADY</spirit:name>
          </spirit:logicalPort>
          <spirit:physicalPort>
            <spirit:name>s00_axi_arready</spirit:name>
          </spirit:physicalPort>
        </spirit:portMap>
        <spirit:portMap>
          <spirit:logicalPort>
            <spirit:name>RDATA</spirit:name>
          </spirit:logicalPort>
          <spirit:physicalPort>
            <spirit:name>s00_axi_rdata</spirit:name>
          </spirit:physicalPort>
        </spirit:portMap>
        <spirit:portMap>
          <spirit:logicalPort>
            <spirit:name>RRESP</spirit:name>
          </spirit:logicalPort>
          <spirit:physicalPort>
            <spirit:name>s00_axi_rresp</spirit:name>
          </spirit:physicalPort>
        </spirit:portMap>
        <spirit:portMap>
          <spirit:logicalPort>
            <spirit:name>RVALID</spirit:name>
          </spirit:logicalPort>
          <spirit:physicalPort>
            <spirit:name>s00_axi_rvalid</spirit:name>
          </spirit:physicalPort>
        </spirit:portMap>
        <spirit:portMap>
          <spirit:logicalPort>
            <spirit:name>RREADY</spirit:name>
          </spirit:logicalPort>
          <spirit:physicalPort>
            <spirit:name>s00_axi_rready</spirit:name>
          </spirit:physicalPort>
        </spirit:portMap>
      </spirit:portMaps>
      <spirit:parameters>
        <spirit:parameter>
          <spirit:name>WIZ_DATA_WIDTH</spirit:name>
          <spirit:value spirit:format="long" spirit:id="BUSIFPARAM_VALUE.S00_AXI.WIZ_DATA_WIDTH" spirit:choiceRef="choice_list_6fc15197">32</spirit:value>
        </spirit:parameter>
        <spirit:parameter>
          <spirit:name>WIZ_NUM_REG</spirit:name>
          <spirit:value spirit:format="long" spirit:id="BUSIFPARAM_VALUE.S00_AXI.WIZ_NUM_REG" spirit:minimum="4" spirit:maximum="512" spirit:rangeType="long">8</spirit:value>
        </spirit:parameter>
        <spirit:parameter>
          <spirit:name>SUPPORTS_NARROW_BURST</spirit:name>
          <spirit:value spirit:format="long" spirit:id="BUSIFPARAM_VALUE.S00_AXI.SUPPORTS_NARROW_BURST" spirit:choiceRef="choice_pairs_ce1226b1">0</spirit:value>
        </spirit:parameter>
      </spirit:parameters>
    </spirit:busInterface>
    <spirit:busInterface>
      <spirit:name>S00_AXI_RST</spirit:name>
      <spirit:busType spirit:vendor="xilinx.com" spirit:library="signal" spirit:name="reset" spirit:version="1.0"/>
      <spirit:abstractionType spirit:vendor="xilinx.com" spirit:library="signal" spirit:name="reset_rtl" spirit:version="1.0"/>
      <spirit:slave/>
      <spirit:portMaps>
        <spirit:portMap>
          <spirit:logicalPort>
            <spirit:name>RST</spirit:name>
          </spirit:logicalPort>
          <spirit:physicalPort>
            <spirit:name>s00_axi_aresetn</spirit:name>
          </spirit:physicalPort>
        </spirit:portMap>
      </spirit:portMaps>
      <spirit:parameters>
        <spirit:parameter>
          <spirit:name>POLARITY</spirit:name>
          <spirit:value spirit:id="BUSIFPARAM_VALUE.S00_AXI_RST.POLARITY" spirit:choiceRef="choice_list_9d8b0d81">ACTIVE_LOW</spirit:value>
        </spirit:parameter>
      </spirit:parameters>
    </spirit:busInterface>
    <spirit:busInterface>
      <spirit:name>S00_AXI_CLK</spirit:name>
      <spirit:busType spirit:vendor="xilinx.com" spirit:library="signal" spirit:name="clock" spirit:version="1.0"/>
      <spirit:abstractionType spirit:vendor="xilinx.com" spirit:library="signal" spirit:name="clock_rtl" spirit:version="1.0"/>
      <spirit:slave/>
      <spirit:portMaps>
        <spirit:portMap>
          <spirit:logicalPort>
            <spirit:name>CLK</spirit:name>
          </spirit:logicalPort>
          <spirit:physicalPort>
            <spirit:name>s00_axi_aclk</spirit:name>
          </spirit:physicalPort>
        </spirit:portMap>
      </spirit:portMaps>
      <spirit:parameters>
        <spirit:parameter>
          <spirit:name>ASSOCIATED_BUSIF</spirit:name>
          <spirit:value spirit:id="BUSIFPARAM_VALUE.S00_AXI_CLK.ASSOCIATED_BUSIF">S00_AXI</spirit:value>
        </spirit:parameter>
        <spirit:parameter>
          <spirit:name>ASSOCIATED_RESET</spirit:name>
          <spirit:value spirit:id="BUSIFPARAM_VALUE.S00_AXI_CLK.ASSOCIATED_RESET">s00_axi_aresetn</spirit:value>
        </spirit:parameter>
      </spirit:parameters>
    </spirit:busInterface>
  </spirit:busInterfaces>
  <spirit:memoryMaps>
    <spirit:memoryMap>
      <spirit:name>S00_AXI</spirit:name>
      <spirit:addressBlock>
        <spirit:name>S00_AXI_reg</spirit:name>
        <spirit:baseAddress spirit:format="long" spirit:resolve="user">0</spirit:baseAddress>
        <spirit:range spirit:format="long">4096</spirit:range>
        <spirit:width spirit:format="long">32</spirit:width>
        <spirit:usage>register</spirit:usage>
        <spirit:parameters>
          <spirit:parameter>
            <spirit:name>OFFSET_BASE_PARAM</spirit:name>
            <spirit:value spirit:id="ADDRBLOCKPARAM_VALUE.S00_AXI.S00_AXI_REG.OFFSET_BASE_PARAM">C_S00_AXI_BASEADDR</spirit:value>
          </spirit:parameter>
          <spirit:parameter>
            <spirit:name>OFFSET_HIGH_PARAM</spirit:name>
            <spirit:value spirit:id="ADDRBLOCKPARAM_VALUE.S00_AXI.S00_AXI_REG.OFFSET_HIGH_PARAM">C_S00_AXI_HIGHADDR</spirit:value>
          </spirit:parameter>
        </spirit:parameters>
      </spirit:addressBlock>
    </spirit:memoryMap>
  </spirit:memoryMaps>
  <spirit:model>
    <spirit:views>
      <spirit:view>
        <spirit:name>xilinx_verilogsynthesis</spirit:name>
        <spirit:displayName>Verilog Synthesis</spirit:displayName>
        <spirit:envIdentifier>verilogSource:vivado.xilinx.com:synthesis</spirit:envIdentifier>
        <spirit:language>verilog</spirit:language>
        <spirit:modelName>AXI_AD7768_v1_0</spirit:modelName>
        <spirit:fileSetRef>
          <spirit:localName>xilinx_verilogsynthesis_view_fileset</spirit:localName>
        </spirit:fileSetRef>
        <spirit:parameters>
          <spirit:parameter>
            <spirit:name>viewChecksum</spirit:name>
            <spirit:value>9ba6bf5a</spirit:value>
          </spirit:parameter>
        </spirit:parameters>
      </spirit:view>
      <spirit:view>
        <spirit:name>xilinx_verilogbehavioralsimulation</spirit:name>
        <spirit:displayName>Verilog Simulation</spirit:displayName>
        <spirit:envIdentifier>verilogSource:vivado.xilinx.com:simulation</spirit:envIdentifier>
        <spirit:language>verilog</spirit:language>
        <spirit:modelName>AXI_AD7768_v1_0</spirit:modelName>
        <spirit:fileSetRef>
          <spirit:localName>xilinx_verilogbehavioralsimulation_view_fileset</spirit:localName>
        </spirit:fileSetRef>
        <spirit:parameters>
          <spirit:parameter>
            <spirit:name>viewChecksum</spirit:name>
            <spirit:value>9ba6bf5a</spirit:value>
          </spirit:parameter>
        </spirit:parameters>
      </spirit:view>
      <spirit:view>
        <spirit:name>xilinx_softwaredriver</spirit:name>
        <spirit:displayName>Software Driver</spirit:displayName>
        <spirit:envIdentifier>:vivado.xilinx.com:sw.driver</spirit:envIdentifier>
        <spirit:fileSetRef>
          <spirit:localName>xilinx_softwaredriver_view_fileset</spirit:localName>
        </spirit:fileSetRef>
        <spirit:parameters>
          <spirit:parameter>
            <spirit:name>viewChecksum</spirit:name>
            <spirit:value>c07ae71e</spirit:value>
          </spirit:parameter>
        </spirit:parameters>
      </spirit:view>
      <spirit:view>
        <spirit:name>xilinx_xpgui</spirit:name>
        <spirit:displayName>UI Layout</spirit:displayName>
        <spirit:envIdentifier>:vivado.xilinx.com:xgui.ui</spirit:envIdentifier>
        <spirit:fileSetRef>
          <spirit:localName>xilinx_xpgui_view_fileset</spirit:localName>
        </spirit:fileSetRef>
        <spirit:parameters>
          <spirit:parameter>
            <spirit:name>viewChecksum</spirit:name>
            <spirit:value>dda4df14</spirit:value>
          </spirit:parameter>
        </spirit:parameters>
      </spirit:view>
      <spirit:view>
        <spirit:name>bd_tcl</spirit:name>
        <spirit:displayName>Block Diagram</spirit:displayName>
        <spirit:envIdentifier>:vivado.xilinx.com:block.diagram</spirit:envIdentifier>
        <spirit:fileSetRef>
          <spirit:localName>bd_tcl_view_fileset</spirit:localName>
        </spirit:fileSetRef>
        <spirit:parameters>
          <spirit:parameter>
            <spirit:name>viewChecksum</spirit:name>
            <spirit:value>16328387</spirit:value>
          </spirit:parameter>
        </spirit:parameters>
      </spirit:view>
    </spirit:views>
    <spirit:ports>
      <spirit:port>
        <spirit:name>adc_data0_in</spirit:name>
        <spirit:wire>
          <spirit:direction>in</spirit:direction>
          <spirit:vector>
            <spirit:left spirit:format="long">23</spirit:left>
            <spirit:right spirit:format="long">0</spirit:right>
          </spirit:vector>
          <spirit:wireTypeDefs>
            <spirit:wireTypeDef>
              <spirit:typeName>wire</spirit:typeName>
              <spirit:viewNameRef>xilinx_verilogsynthesis</spirit:viewNameRef>
              <spirit:viewNameRef>xilinx_verilogbehavioralsimulation</spirit:viewNameRef>
            </spirit:wireTypeDef>
          </spirit:wireTypeDefs>
        </spirit:wire>
      </spirit:port>
      <spirit:port>
        <spirit:name>adc_data1_in</spirit:name>
        <spirit:wire>
          <spirit:direction>in</spirit:direction>
          <spirit:vector>
            <spirit:left spirit:format="long">23</spirit:left>
            <spirit:right spirit:format="long">0</spirit:right>
          </spirit:vector>
          <spirit:wireTypeDefs>
            <spirit:wireTypeDef>
              <spirit:typeName>wire</spirit:typeName>
              <spirit:viewNameRef>xilinx_verilogsynthesis</spirit:viewNameRef>
              <spirit:viewNameRef>xilinx_verilogbehavioralsimulation</spirit:viewNameRef>
            </spirit:wireTypeDef>
          </spirit:wireTypeDefs>
        </spirit:wire>
      </spirit:port>
      <spirit:port>
        <spirit:name>adc_data2_in</spirit:name>
        <spirit:wire>
          <spirit:direction>in</spirit:direction>
          <spirit:vector>
            <spirit:left spirit:format="long">23</spirit:left>
            <spirit:right spirit:format="long">0</spirit:right>
          </spirit:vector>
          <spirit:wireTypeDefs>
            <spirit:wireTypeDef>
              <spirit:typeName>wire</spirit:typeName>
              <spirit:viewNameRef>xilinx_verilogsynthesis</spirit:viewNameRef>
              <spirit:viewNameRef>xilinx_verilogbehavioralsimulation</spirit:viewNameRef>
            </spirit:wireTypeDef>
          </spirit:wireTypeDefs>
        </spirit:wire>
      </spirit:port>
      <spirit:port>
        <spirit:name>adc_data3_in</spirit:name>
        <spirit:wire>
          <spirit:direction>in</spirit:direction>
          <spirit:vector>
            <spirit:left spirit:format="long">23</spirit:left>
            <spirit:right spirit:format="long">0</spirit:right>
          </spirit:vector>
          <spirit:wireTypeDefs>
            <spirit:wireTypeDef>
              <spirit:typeName>wire</spirit:typeName>
              <spirit:viewNameRef>xilinx_verilogsynthesis</spirit:viewNameRef>
              <spirit:viewNameRef>xilinx_verilogbehavioralsimulation</spirit:viewNameRef>
            </spirit:wireTypeDef>
          </spirit:wireTypeDefs>
        </spirit:wire>
      </spirit:port>
      <spirit:port>
        <spirit:name>adc_data4_in</spirit:name>
        <spirit:wire>
          <spirit:direction>in</spirit:direction>
          <spirit:vector>
            <spirit:left spirit:format="long">23</spirit:left>
            <spirit:right spirit:format="long">0</spirit:right>
          </spirit:vector>
          <spirit:wireTypeDefs>
            <spirit:wireTypeDef>
              <spirit:typeName>wire</spirit:typeName>
              <spirit:viewNameRef>xilinx_verilogsynthesis</spirit:viewNameRef>
              <spirit:viewNameRef>xilinx_verilogbehavioralsimulation</spirit:viewNameRef>
            </spirit:wireTypeDef>
          </spirit:wireTypeDefs>
        </spirit:wire>
      </spirit:port>
      <spirit:port>
        <spirit:name>adc_data5_in</spirit:name>
        <spirit:wire>
          <spirit:direction>in</spirit:direction>
          <spirit:vector>
            <spirit:left spirit:format="long">23</spirit:left>
            <spirit:right spirit:format="long">0</spirit:right>
          </spirit:vector>
          <spirit:wireTypeDefs>
            <spirit:wireTypeDef>
              <spirit:typeName>wire</spirit:typeName>
              <spirit:viewNameRef>xilinx_verilogsynthesis</spirit:viewNameRef>
              <spirit:viewNameRef>xilinx_verilogbehavioralsimulation</spirit:viewNameRef>
            </spirit:wireTypeDef>
          </spirit:wireTypeDefs>
        </spirit:wire>
      </spirit:port>
      <spirit:port>
        <spirit:name>adc_data6_in</spirit:name>
        <spirit:wire>
          <spirit:direction>in</spirit:direction>
          <spirit:vector>
            <spirit:left spirit:format="long">23</spirit:left>
            <spirit:right spirit:format="long">0</spirit:right>
          </spirit:vector>
          <spirit:wireTypeDefs>
            <spirit:wireTypeDef>
              <spirit:typeName>wire</spirit:typeName>
              <spirit:viewNameRef>xilinx_verilogsynthesis</spirit:viewNameRef>
              <spirit:viewNameRef>xilinx_verilogbehavioralsimulation</spirit:viewNameRef>
            </spirit:wireTypeDef>
          </spirit:wireTypeDefs>
        </spirit:wire>
      </spirit:port>
      <spirit:port>
        <spirit:name>adc_data7_in</spirit:name>
        <spirit:wire>
          <spirit:direction>in</spirit:direction>
          <spirit:vector>
            <spirit:left spirit:format="long">23</spirit:left>
            <spirit:right spirit:format="long">0</spirit:right>
          </spirit:vector>
          <spirit:wireTypeDefs>
            <spirit:wireTypeDef>
              <spirit:typeName>wire</spirit:typeName>
              <spirit:viewNameRef>xilinx_verilogsynthesis</spirit:viewNameRef>
              <spirit:viewNameRef>xilinx_verilogbehavioralsimulation</spirit:viewNameRef>
            </spirit:wireTypeDef>
          </spirit:wireTypeDefs>
        </spirit:wire>
      </spirit:port>
      <spirit:port>
        <spirit:name>ad7768_data_en</spirit:name>
        <spirit:wire>
          <spirit:direction>in</spirit:direction>
          <spirit:wireTypeDefs>
            <spirit:wireTypeDef>
              <spirit:typeName>wire</spirit:typeName>
              <spirit:viewNameRef>xilinx_verilogsynthesis</spirit:viewNameRef>
              <spirit:viewNameRef>xilinx_verilogbehavioralsimulation</spirit:viewNameRef>
            </spirit:wireTypeDef>
          </spirit:wireTypeDefs>
        </spirit:wire>
      </spirit:port>
      <spirit:port>
        <spirit:name>ad7768_read_flag</spirit:name>
        <spirit:wire>
          <spirit:direction>out</spirit:direction>
          <spirit:wireTypeDefs>
            <spirit:wireTypeDef>
              <spirit:typeName>wire</spirit:typeName>
              <spirit:viewNameRef>xilinx_verilogsynthesis</spirit:viewNameRef>
              <spirit:viewNameRef>xilinx_verilogbehavioralsimulation</spirit:viewNameRef>
            </spirit:wireTypeDef>
          </spirit:wireTypeDefs>
        </spirit:wire>
      </spirit:port>
      <spirit:port>
        <spirit:name>s00_axi_awaddr</spirit:name>
        <spirit:wire>
          <spirit:direction>in</spirit:direction>
          <spirit:vector>
            <spirit:left spirit:format="long" spirit:resolve="dependent" spirit:dependency="(spirit:decode(id(&apos;MODELPARAM_VALUE.C_S00_AXI_ADDR_WIDTH&apos;)) - 1)">4</spirit:left>
            <spirit:right spirit:format="long">0</spirit:right>
          </spirit:vector>
          <spirit:wireTypeDefs>
            <spirit:wireTypeDef>
              <spirit:typeName>wire</spirit:typeName>
              <spirit:viewNameRef>xilinx_verilogsynthesis</spirit:viewNameRef>
              <spirit:viewNameRef>xilinx_verilogbehavioralsimulation</spirit:viewNameRef>
            </spirit:wireTypeDef>
          </spirit:wireTypeDefs>
        </spirit:wire>
      </spirit:port>
      <spirit:port>
        <spirit:name>s00_axi_awprot</spirit:name>
        <spirit:wire>
          <spirit:direction>in</spirit:direction>
          <spirit:vector>
            <spirit:left spirit:format="long">2</spirit:left>
            <spirit:right spirit:format="long">0</spirit:right>
          </spirit:vector>
          <spirit:wireTypeDefs>
            <spirit:wireTypeDef>
              <spirit:typeName>wire</spirit:typeName>
              <spirit:viewNameRef>xilinx_verilogsynthesis</spirit:viewNameRef>
              <spirit:viewNameRef>xilinx_verilogbehavioralsimulation</spirit:viewNameRef>
            </spirit:wireTypeDef>
          </spirit:wireTypeDefs>
        </spirit:wire>
      </spirit:port>
      <spirit:port>
        <spirit:name>s00_axi_awvalid</spirit:name>
        <spirit:wire>
          <spirit:direction>in</spirit:direction>
          <spirit:wireTypeDefs>
            <spirit:wireTypeDef>
              <spirit:typeName>wire</spirit:typeName>
              <spirit:viewNameRef>xilinx_verilogsynthesis</spirit:viewNameRef>
              <spirit:viewNameRef>xilinx_verilogbehavioralsimulation</spirit:viewNameRef>
            </spirit:wireTypeDef>
          </spirit:wireTypeDefs>
        </spirit:wire>
      </spirit:port>
      <spirit:port>
        <spirit:name>s00_axi_awready</spirit:name>
        <spirit:wire>
          <spirit:direction>out</spirit:direction>
          <spirit:wireTypeDefs>
            <spirit:wireTypeDef>
              <spirit:typeName>wire</spirit:typeName>
              <spirit:viewNameRef>xilinx_verilogsynthesis</spirit:viewNameRef>
              <spirit:viewNameRef>xilinx_verilogbehavioralsimulation</spirit:viewNameRef>
            </spirit:wireTypeDef>
          </spirit:wireTypeDefs>
        </spirit:wire>
      </spirit:port>
      <spirit:port>
        <spirit:name>s00_axi_wdata</spirit:name>
        <spirit:wire>
          <spirit:direction>in</spirit:direction>
          <spirit:vector>
            <spirit:left spirit:format="long" spirit:resolve="dependent" spirit:dependency="(spirit:decode(id(&apos;MODELPARAM_VALUE.C_S00_AXI_DATA_WIDTH&apos;)) - 1)">31</spirit:left>
            <spirit:right spirit:format="long">0</spirit:right>
          </spirit:vector>
          <spirit:wireTypeDefs>
            <spirit:wireTypeDef>
              <spirit:typeName>wire</spirit:typeName>
              <spirit:viewNameRef>xilinx_verilogsynthesis</spirit:viewNameRef>
              <spirit:viewNameRef>xilinx_verilogbehavioralsimulation</spirit:viewNameRef>
            </spirit:wireTypeDef>
          </spirit:wireTypeDefs>
        </spirit:wire>
      </spirit:port>
      <spirit:port>
        <spirit:name>s00_axi_wstrb</spirit:name>
        <spirit:wire>
          <spirit:direction>in</spirit:direction>
          <spirit:vector>
            <spirit:left spirit:format="long" spirit:resolve="dependent" spirit:dependency="((spirit:decode(id(&apos;MODELPARAM_VALUE.C_S00_AXI_DATA_WIDTH&apos;)) / 8) - 1)">3</spirit:left>
            <spirit:right spirit:format="long">0</spirit:right>
          </spirit:vector>
          <spirit:wireTypeDefs>
            <spirit:wireTypeDef>
              <spirit:typeName>wire</spirit:typeName>
              <spirit:viewNameRef>xilinx_verilogsynthesis</spirit:viewNameRef>
              <spirit:viewNameRef>xilinx_verilogbehavioralsimulation</spirit:viewNameRef>
            </spirit:wireTypeDef>
          </spirit:wireTypeDefs>
        </spirit:wire>
      </spirit:port>
      <spirit:port>
        <spirit:name>s00_axi_wvalid</spirit:name>
        <spirit:wire>
          <spirit:direction>in</spirit:direction>
          <spirit:wireTypeDefs>
            <spirit:wireTypeDef>
              <spirit:typeName>wire</spirit:typeName>
              <spirit:viewNameRef>xilinx_verilogsynthesis</spirit:viewNameRef>
              <spirit:viewNameRef>xilinx_verilogbehavioralsimulation</spirit:viewNameRef>
            </spirit:wireTypeDef>
          </spirit:wireTypeDefs>
        </spirit:wire>
      </spirit:port>
      <spirit:port>
        <spirit:name>s00_axi_wready</spirit:name>
        <spirit:wire>
          <spirit:direction>out</spirit:direction>
          <spirit:wireTypeDefs>
            <spirit:wireTypeDef>
              <spirit:typeName>wire</spirit:typeName>
              <spirit:viewNameRef>xilinx_verilogsynthesis</spirit:viewNameRef>
              <spirit:viewNameRef>xilinx_verilogbehavioralsimulation</spirit:viewNameRef>
            </spirit:wireTypeDef>
          </spirit:wireTypeDefs>
        </spirit:wire>
      </spirit:port>
      <spirit:port>
        <spirit:name>s00_axi_bresp</spirit:name>
        <spirit:wire>
          <spirit:direction>out</spirit:direction>
          <spirit:vector>
            <spirit:left spirit:format="long">1</spirit:left>
            <spirit:right spirit:format="long">0</spirit:right>
          </spirit:vector>
          <spirit:wireTypeDefs>
            <spirit:wireTypeDef>
              <spirit:typeName>wire</spirit:typeName>
              <spirit:viewNameRef>xilinx_verilogsynthesis</spirit:viewNameRef>
              <spirit:viewNameRef>xilinx_verilogbehavioralsimulation</spirit:viewNameRef>
            </spirit:wireTypeDef>
          </spirit:wireTypeDefs>
        </spirit:wire>
      </spirit:port>
      <spirit:port>
        <spirit:name>s00_axi_bvalid</spirit:name>
        <spirit:wire>
          <spirit:direction>out</spirit:direction>
          <spirit:wireTypeDefs>
            <spirit:wireTypeDef>
              <spirit:typeName>wire</spirit:typeName>
              <spirit:viewNameRef>xilinx_verilogsynthesis</spirit:viewNameRef>
              <spirit:viewNameRef>xilinx_verilogbehavioralsimulation</spirit:viewNameRef>
            </spirit:wireTypeDef>
          </spirit:wireTypeDefs>
        </spirit:wire>
      </spirit:port>
      <spirit:port>
        <spirit:name>s00_axi_bready</spirit:name>
        <spirit:wire>
          <spirit:direction>in</spirit:direction>
          <spirit:wireTypeDefs>
            <spirit:wireTypeDef>
              <spirit:typeName>wire</spirit:typeName>
              <spirit:viewNameRef>xilinx_verilogsynthesis</spirit:viewNameRef>
              <spirit:viewNameRef>xilinx_verilogbehavioralsimulation</spirit:viewNameRef>
            </spirit:wireTypeDef>
          </spirit:wireTypeDefs>
        </spirit:wire>
      </spirit:port>
      <spirit:port>
        <spirit:name>s00_axi_araddr</spirit:name>
        <spirit:wire>
          <spirit:direction>in</spirit:direction>
          <spirit:vector>
            <spirit:left spirit:format="long" spirit:resolve="dependent" spirit:dependency="(spirit:decode(id(&apos;MODELPARAM_VALUE.C_S00_AXI_ADDR_WIDTH&apos;)) - 1)">4</spirit:left>
            <spirit:right spirit:format="long">0</spirit:right>
          </spirit:vector>
          <spirit:wireTypeDefs>
            <spirit:wireTypeDef>
              <spirit:typeName>wire</spirit:typeName>
              <spirit:viewNameRef>xilinx_verilogsynthesis</spirit:viewNameRef>
              <spirit:viewNameRef>xilinx_verilogbehavioralsimulation</spirit:viewNameRef>
            </spirit:wireTypeDef>
          </spirit:wireTypeDefs>
        </spirit:wire>
      </spirit:port>
      <spirit:port>
        <spirit:name>s00_axi_arprot</spirit:name>
        <spirit:wire>
          <spirit:direction>in</spirit:direction>
          <spirit:vector>
            <spirit:left spirit:format="long">2</spirit:left>
            <spirit:right spirit:format="long">0</spirit:right>
          </spirit:vector>
          <spirit:wireTypeDefs>
            <spirit:wireTypeDef>
              <spirit:typeName>wire</spirit:typeName>
              <spirit:viewNameRef>xilinx_verilogsynthesis</spirit:viewNameRef>
              <spirit:viewNameRef>xilinx_verilogbehavioralsimulation</spirit:viewNameRef>
            </spirit:wireTypeDef>
          </spirit:wireTypeDefs>
        </spirit:wire>
      </spirit:port>
      <spirit:port>
        <spirit:name>s00_axi_arvalid</spirit:name>
        <spirit:wire>
          <spirit:direction>in</spirit:direction>
          <spirit:wireTypeDefs>
            <spirit:wireTypeDef>
              <spirit:typeName>wire</spirit:typeName>
              <spirit:viewNameRef>xilinx_verilogsynthesis</spirit:viewNameRef>
              <spirit:viewNameRef>xilinx_verilogbehavioralsimulation</spirit:viewNameRef>
            </spirit:wireTypeDef>
          </spirit:wireTypeDefs>
        </spirit:wire>
      </spirit:port>
      <spirit:port>
        <spirit:name>s00_axi_arready</spirit:name>
        <spirit:wire>
          <spirit:direction>out</spirit:direction>
          <spirit:wireTypeDefs>
            <spirit:wireTypeDef>
              <spirit:typeName>wire</spirit:typeName>
              <spirit:viewNameRef>xilinx_verilogsynthesis</spirit:viewNameRef>
              <spirit:viewNameRef>xilinx_verilogbehavioralsimulation</spirit:viewNameRef>
            </spirit:wireTypeDef>
          </spirit:wireTypeDefs>
        </spirit:wire>
      </spirit:port>
      <spirit:port>
        <spirit:name>s00_axi_rdata</spirit:name>
        <spirit:wire>
          <spirit:direction>out</spirit:direction>
          <spirit:vector>
            <spirit:left spirit:format="long" spirit:resolve="dependent" spirit:dependency="(spirit:decode(id(&apos;MODELPARAM_VALUE.C_S00_AXI_DATA_WIDTH&apos;)) - 1)">31</spirit:left>
            <spirit:right spirit:format="long">0</spirit:right>
          </spirit:vector>
          <spirit:wireTypeDefs>
            <spirit:wireTypeDef>
              <spirit:typeName>wire</spirit:typeName>
              <spirit:viewNameRef>xilinx_verilogsynthesis</spirit:viewNameRef>
              <spirit:viewNameRef>xilinx_verilogbehavioralsimulation</spirit:viewNameRef>
            </spirit:wireTypeDef>
          </spirit:wireTypeDefs>
        </spirit:wire>
      </spirit:port>
      <spirit:port>
        <spirit:name>s00_axi_rresp</spirit:name>
        <spirit:wire>
          <spirit:direction>out</spirit:direction>
          <spirit:vector>
            <spirit:left spirit:format="long">1</spirit:left>
            <spirit:right spirit:format="long">0</spirit:right>
          </spirit:vector>
          <spirit:wireTypeDefs>
            <spirit:wireTypeDef>
              <spirit:typeName>wire</spirit:typeName>
              <spirit:viewNameRef>xilinx_verilogsynthesis</spirit:viewNameRef>
              <spirit:viewNameRef>xilinx_verilogbehavioralsimulation</spirit:viewNameRef>
            </spirit:wireTypeDef>
          </spirit:wireTypeDefs>
        </spirit:wire>
      </spirit:port>
      <spirit:port>
        <spirit:name>s00_axi_rvalid</spirit:name>
        <spirit:wire>
          <spirit:direction>out</spirit:direction>
          <spirit:wireTypeDefs>
            <spirit:wireTypeDef>
              <spirit:typeName>wire</spirit:typeName>
              <spirit:viewNameRef>xilinx_verilogsynthesis</spirit:viewNameRef>
              <spirit:viewNameRef>xilinx_verilogbehavioralsimulation</spirit:viewNameRef>
            </spirit:wireTypeDef>
          </spirit:wireTypeDefs>
        </spirit:wire>
      </spirit:port>
      <spirit:port>
        <spirit:name>s00_axi_rready</spirit:name>
        <spirit:wire>
          <spirit:direction>in</spirit:direction>
          <spirit:wireTypeDefs>
            <spirit:wireTypeDef>
              <spirit:typeName>wire</spirit:typeName>
              <spirit:viewNameRef>xilinx_verilogsynthesis</spirit:viewNameRef>
              <spirit:viewNameRef>xilinx_verilogbehavioralsimulation</spirit:viewNameRef>
            </spirit:wireTypeDef>
          </spirit:wireTypeDefs>
        </spirit:wire>
      </spirit:port>
      <spirit:port>
        <spirit:name>s00_axi_aclk</spirit:name>
        <spirit:wire>
          <spirit:direction>in</spirit:direction>
          <spirit:wireTypeDefs>
            <spirit:wireTypeDef>
              <spirit:typeName>wire</spirit:typeName>
              <spirit:viewNameRef>xilinx_verilogsynthesis</spirit:viewNameRef>
              <spirit:viewNameRef>xilinx_verilogbehavioralsimulation</spirit:viewNameRef>
            </spirit:wireTypeDef>
          </spirit:wireTypeDefs>
        </spirit:wire>
      </spirit:port>
      <spirit:port>
        <spirit:name>s00_axi_aresetn</spirit:name>
        <spirit:wire>
          <spirit:direction>in</spirit:direction>
          <spirit:wireTypeDefs>
            <spirit:wireTypeDef>
              <spirit:typeName>wire</spirit:typeName>
              <spirit:viewNameRef>xilinx_verilogsynthesis</spirit:viewNameRef>
              <spirit:viewNameRef>xilinx_verilogbehavioralsimulation</spirit:viewNameRef>
            </spirit:wireTypeDef>
          </spirit:wireTypeDefs>
        </spirit:wire>
      </spirit:port>
    </spirit:ports>
    <spirit:modelParameters>
      <spirit:modelParameter xsi:type="spirit:nameValueTypeType" spirit:dataType="integer">
        <spirit:name>C_S00_AXI_DATA_WIDTH</spirit:name>
        <spirit:displayName>C S00 AXI DATA WIDTH</spirit:displayName>
        <spirit:description>Width of S_AXI data bus</spirit:description>
        <spirit:value spirit:format="long" spirit:resolve="generated" spirit:id="MODELPARAM_VALUE.C_S00_AXI_DATA_WIDTH" spirit:order="3" spirit:rangeType="long">32</spirit:value>
      </spirit:modelParameter>
      <spirit:modelParameter spirit:dataType="integer">
        <spirit:name>C_S00_AXI_ADDR_WIDTH</spirit:name>
        <spirit:displayName>C S00 AXI ADDR WIDTH</spirit:displayName>
        <spirit:description>Width of S_AXI address bus</spirit:description>
        <spirit:value spirit:format="long" spirit:resolve="generated" spirit:id="MODELPARAM_VALUE.C_S00_AXI_ADDR_WIDTH" spirit:order="4" spirit:rangeType="long">5</spirit:value>
      </spirit:modelParameter>
    </spirit:modelParameters>
  </spirit:model>
  <spirit:choices>
    <spirit:choice>
      <spirit:name>choice_list_6fc15197</spirit:name>
      <spirit:enumeration>32</spirit:enumeration>
    </spirit:choice>
    <spirit:choice>
      <spirit:name>choice_list_9d8b0d81</spirit:name>
      <spirit:enumeration>ACTIVE_HIGH</spirit:enumeration>
      <spirit:enumeration>ACTIVE_LOW</spirit:enumeration>
    </spirit:choice>
    <spirit:choice>
      <spirit:name>choice_pairs_ce1226b1</spirit:name>
      <spirit:enumeration spirit:text="true">1</spirit:enumeration>
      <spirit:enumeration spirit:text="false">0</spirit:enumeration>
    </spirit:choice>
  </spirit:choices>
  <spirit:fileSets>
    <spirit:fileSet>
      <spirit:name>xilinx_verilogsynthesis_view_fileset</spirit:name>
      <spirit:file>
        <spirit:name>hdl/AXI_AD7768_v1_0_S00_AXI.v</spirit:name>
        <spirit:fileType>verilogSource</spirit:fileType>
      </spirit:file>
      <spirit:file>
        <spirit:name>hdl/AXI_AD7768_v1_0.v</spirit:name>
        <spirit:fileType>verilogSource</spirit:fileType>
        <spirit:userFileType>CHECKSUM_190d96df</spirit:userFileType>
      </spirit:file>
    </spirit:fileSet>
    <spirit:fileSet>
      <spirit:name>xilinx_verilogbehavioralsimulation_view_fileset</spirit:name>
      <spirit:file>
        <spirit:name>hdl/AXI_AD7768_v1_0_S00_AXI.v</spirit:name>
        <spirit:fileType>verilogSource</spirit:fileType>
      </spirit:file>
      <spirit:file>
        <spirit:name>hdl/AXI_AD7768_v1_0.v</spirit:name>
        <spirit:fileType>verilogSource</spirit:fileType>
      </spirit:file>
    </spirit:fileSet>
    <spirit:fileSet>
      <spirit:name>xilinx_softwaredriver_view_fileset</spirit:name>
      <spirit:file>
        <spirit:name>drivers/AXI_AD7768_v1_0/data/AXI_AD7768.mdd</spirit:name>
        <spirit:userFileType>mdd</spirit:userFileType>
        <spirit:userFileType>driver_mdd</spirit:userFileType>
      </spirit:file>
      <spirit:file>
        <spirit:name>drivers/AXI_AD7768_v1_0/data/AXI_AD7768.tcl</spirit:name>
        <spirit:fileType>tclSource</spirit:fileType>
        <spirit:userFileType>driver_tcl</spirit:userFileType>
      </spirit:file>
      <spirit:file>
        <spirit:name>drivers/AXI_AD7768_v1_0/src/Makefile</spirit:name>
        <spirit:userFileType>driver_src</spirit:userFileType>
      </spirit:file>
      <spirit:file>
        <spirit:name>drivers/AXI_AD7768_v1_0/src/AXI_AD7768.h</spirit:name>
        <spirit:fileType>cSource</spirit:fileType>
        <spirit:userFileType>driver_src</spirit:userFileType>
      </spirit:file>
      <spirit:file>
        <spirit:name>drivers/AXI_AD7768_v1_0/src/AXI_AD7768.c</spirit:name>
        <spirit:fileType>cSource</spirit:fileType>
        <spirit:userFileType>driver_src</spirit:userFileType>
      </spirit:file>
      <spirit:file>
        <spirit:name>drivers/AXI_AD7768_v1_0/src/AXI_AD7768_selftest.c</spirit:name>
        <spirit:fileType>cSource</spirit:fileType>
        <spirit:userFileType>driver_src</spirit:userFileType>
      </spirit:file>
    </spirit:fileSet>
    <spirit:fileSet>
      <spirit:name>xilinx_xpgui_view_fileset</spirit:name>
      <spirit:file>
        <spirit:name>xgui/AXI_AD7768_v1_0.tcl</spirit:name>
        <spirit:fileType>tclSource</spirit:fileType>
        <spirit:userFileType>CHECKSUM_dda4df14</spirit:userFileType>
        <spirit:userFileType>XGUI_VERSION_2</spirit:userFileType>
      </spirit:file>
    </spirit:fileSet>
    <spirit:fileSet>
      <spirit:name>bd_tcl_view_fileset</spirit:name>
      <spirit:file>
        <spirit:name>bd/bd.tcl</spirit:name>
        <spirit:fileType>tclSource</spirit:fileType>
      </spirit:file>
    </spirit:fileSet>
  </spirit:fileSets>
  <spirit:description>My new AXI IP</spirit:description>
  <spirit:parameters>
    <spirit:parameter>
      <spirit:name>C_S00_AXI_DATA_WIDTH</spirit:name>
      <spirit:displayName>C S00 AXI DATA WIDTH</spirit:displayName>
      <spirit:description>Width of S_AXI data bus</spirit:description>
      <spirit:value spirit:format="long" spirit:resolve="user" spirit:id="PARAM_VALUE.C_S00_AXI_DATA_WIDTH" spirit:choiceRef="choice_list_6fc15197" spirit:order="3">32</spirit:value>
      <spirit:vendorExtensions>
        <xilinx:parameterInfo>
          <xilinx:enablement>
            <xilinx:isEnabled xilinx:id="PARAM_ENABLEMENT.C_S00_AXI_DATA_WIDTH">false</xilinx:isEnabled>
          </xilinx:enablement>
        </xilinx:parameterInfo>
      </spirit:vendorExtensions>
    </spirit:parameter>
    <spirit:parameter>
      <spirit:name>C_S00_AXI_ADDR_WIDTH</spirit:name>
      <spirit:displayName>C S00 AXI ADDR WIDTH</spirit:displayName>
      <spirit:description>Width of S_AXI address bus</spirit:description>
      <spirit:value spirit:format="long" spirit:resolve="user" spirit:id="PARAM_VALUE.C_S00_AXI_ADDR_WIDTH" spirit:order="4" spirit:rangeType="long">5</spirit:value>
      <spirit:vendorExtensions>
        <xilinx:parameterInfo>
          <xilinx:enablement>
            <xilinx:isEnabled xilinx:id="PARAM_ENABLEMENT.C_S00_AXI_ADDR_WIDTH">false</xilinx:isEnabled>
          </xilinx:enablement>
        </xilinx:parameterInfo>
      </spirit:vendorExtensions>
    </spirit:parameter>
    <spirit:parameter>
      <spirit:name>C_S00_AXI_BASEADDR</spirit:name>
      <spirit:displayName>C S00 AXI BASEADDR</spirit:displayName>
      <spirit:value spirit:format="bitString" spirit:resolve="user" spirit:id="PARAM_VALUE.C_S00_AXI_BASEADDR" spirit:order="5" spirit:bitStringLength="32">0xFFFFFFFF</spirit:value>
      <spirit:vendorExtensions>
        <xilinx:parameterInfo>
          <xilinx:enablement>
            <xilinx:isEnabled xilinx:id="PARAM_ENABLEMENT.C_S00_AXI_BASEADDR">false</xilinx:isEnabled>
          </xilinx:enablement>
        </xilinx:parameterInfo>
      </spirit:vendorExtensions>
    </spirit:parameter>
    <spirit:parameter>
      <spirit:name>C_S00_AXI_HIGHADDR</spirit:name>
      <spirit:displayName>C S00 AXI HIGHADDR</spirit:displayName>
      <spirit:value spirit:format="bitString" spirit:resolve="user" spirit:id="PARAM_VALUE.C_S00_AXI_HIGHADDR" spirit:order="6" spirit:bitStringLength="32">0x00000000</spirit:value>
      <spirit:vendorExtensions>
        <xilinx:parameterInfo>
          <xilinx:enablement>
            <xilinx:isEnabled xilinx:id="PARAM_ENABLEMENT.C_S00_AXI_HIGHADDR">false</xilinx:isEnabled>
          </xilinx:enablement>
        </xilinx:parameterInfo>
      </spirit:vendorExtensions>
    </spirit:parameter>
    <spirit:parameter>
      <spirit:name>Component_Name</spirit:name>
      <spirit:value spirit:resolve="user" spirit:id="PARAM_VALUE.Component_Name" spirit:order="1">AXI_AD7768_v1_0</spirit:value>
    </spirit:parameter>
  </spirit:parameters>
  <spirit:vendorExtensions>
    <xilinx:coreExtensions>
      <xilinx:supportedFamilies>
        <xilinx:family xilinx:lifeCycle="Pre-Production">zynq</xilinx:family>
      </xilinx:supportedFamilies>
      <xilinx:taxonomies>
        <xilinx:taxonomy>AXI_Peripheral</xilinx:taxonomy>
      </xilinx:taxonomies>
      <xilinx:displayName>AXI_AD7768_v1.0</xilinx:displayName>
      <xilinx:coreRevision>9</xilinx:coreRevision>
      <xilinx:coreCreationDateTime>2020-08-01T04:00:05Z</xilinx:coreCreationDateTime>
      <xilinx:tags>
        <xilinx:tag xilinx:name="ui.data.coregen.dd@2a39ca70_ARCHIVE_LOCATION">d:/xilinx/viado/project_lacation/ip_repo/AXI_AD7768_1.0</xilinx:tag>
        <xilinx:tag xilinx:name="ui.data.coregen.dd@2358c17a_ARCHIVE_LOCATION">d:/xilinx/viado/project_lacation/ip_repo/AXI_AD7768_1.0</xilinx:tag>
        <xilinx:tag xilinx:name="ui.data.coregen.dd@5d38f89c_ARCHIVE_LOCATION">d:/xilinx/viado/project_lacation/ip_repo/AXI_AD7768_1.0</xilinx:tag>
        <xilinx:tag xilinx:name="ui.data.coregen.dd@3d8964bc_ARCHIVE_LOCATION">d:/xilinx/viado/project_lacation/ip_repo/AXI_AD7768_1.0</xilinx:tag>
        <xilinx:tag xilinx:name="ui.data.coregen.dd@6e919249_ARCHIVE_LOCATION">d:/xilinx/viado/project_lacation/ip_repo/AXI_AD7768_1.0</xilinx:tag>
        <xilinx:tag xilinx:name="ui.data.coregen.dd@4a5e3dd7_ARCHIVE_LOCATION">d:/xilinx/viado/project_lacation/ip_repo/AXI_AD7768_1.0</xilinx:tag>
        <xilinx:tag xilinx:name="ui.data.coregen.dd@2f9142c8_ARCHIVE_LOCATION">d:/xilinx/viado/project_lacation/ip_repo/AXI_AD7768_1.0</xilinx:tag>
        <xilinx:tag xilinx:name="ui.data.coregen.dd@4936532a_ARCHIVE_LOCATION">d:/xilinx/viado/project_lacation/ip_repo/AXI_AD7768_1.0</xilinx:tag>
        <xilinx:tag xilinx:name="ui.data.coregen.dd@2646df9_ARCHIVE_LOCATION">d:/xilinx/viado/project_lacation/ip_repo/AXI_AD7768_1.0</xilinx:tag>
        <xilinx:tag xilinx:name="ui.data.coregen.dd@194dbefd_ARCHIVE_LOCATION">d:/xilinx/viado/project_lacation/ip_repo/AXI_AD7768_1.0</xilinx:tag>
        <xilinx:tag xilinx:name="ui.data.coregen.dd@555d73a1_ARCHIVE_LOCATION">d:/xilinx/viado/project_lacation/ip_repo/AXI_AD7768_1.0</xilinx:tag>
        <xilinx:tag xilinx:name="ui.data.coregen.dd@5ee42ac0_ARCHIVE_LOCATION">d:/xilinx/viado/project_lacation/ip_repo/AXI_AD7768_1.0</xilinx:tag>
        <xilinx:tag xilinx:name="ui.data.coregen.dd@10a9fe60_ARCHIVE_LOCATION">d:/xilinx/viado/project_lacation/ip_repo/AXI_AD7768_1.0</xilinx:tag>
        <xilinx:tag xilinx:name="ui.data.coregen.dd@5a7825f7_ARCHIVE_LOCATION">d:/xilinx/viado/project_lacation/ip_repo/AXI_AD7768_1.0</xilinx:tag>
        <xilinx:tag xilinx:name="ui.data.coregen.dd@3b89d478_ARCHIVE_LOCATION">d:/xilinx/viado/project_lacation/ip_repo/AXI_AD7768_1.0</xilinx:tag>
        <xilinx:tag xilinx:name="ui.data.coregen.dd@37c79244_ARCHIVE_LOCATION">d:/xilinx/viado/project_lacation/ip_repo/AXI_AD7768_1.0</xilinx:tag>
        <xilinx:tag xilinx:name="ui.data.coregen.dd@1be936ec_ARCHIVE_LOCATION">d:/xilinx/viado/project_lacation/ip_repo/AXI_AD7768_1.0</xilinx:tag>
        <xilinx:tag xilinx:name="ui.data.coregen.dd@7dfc52c1_ARCHIVE_LOCATION">d:/xilinx/viado/project_lacation/ip_repo/AXI_AD7768_1.0</xilinx:tag>
        <xilinx:tag xilinx:name="ui.data.coregen.dd@784dad22_ARCHIVE_LOCATION">d:/xilinx/viado/project_lacation/ip_repo/AXI_AD7768_1.0</xilinx:tag>
        <xilinx:tag xilinx:name="ui.data.coregen.dd@64ee8921_ARCHIVE_LOCATION">d:/xilinx/viado/project_lacation/ip_repo/AXI_AD7768_1.0</xilinx:tag>
        <xilinx:tag xilinx:name="ui.data.coregen.dd@41351886_ARCHIVE_LOCATION">d:/xilinx/viado/project_lacation/ip_repo/AXI_AD7768_1.0</xilinx:tag>
        <xilinx:tag xilinx:name="ui.data.coregen.dd@49ee4225_ARCHIVE_LOCATION">d:/xilinx/viado/project_lacation/ip_repo/AXI_AD7768_1.0</xilinx:tag>
        <xilinx:tag xilinx:name="ui.data.coregen.dd@55f7879a_ARCHIVE_LOCATION">d:/xilinx/viado/project_lacation/ip_repo/AXI_AD7768_1.0</xilinx:tag>
        <xilinx:tag xilinx:name="ui.data.coregen.dd@1be5380b_ARCHIVE_LOCATION">d:/xilinx/viado/project_lacation/ip_repo/AXI_AD7768_1.0</xilinx:tag>
        <xilinx:tag xilinx:name="ui.data.coregen.dd@1bbb0c54_ARCHIVE_LOCATION">d:/xilinx/viado/project_lacation/ip_repo/AXI_AD7768_1.0</xilinx:tag>
        <xilinx:tag xilinx:name="ui.data.coregen.dd@10ba75b7_ARCHIVE_LOCATION">d:/xilinx/viado/project_lacation/ip_repo/AXI_AD7768_1.0</xilinx:tag>
        <xilinx:tag xilinx:name="ui.data.coregen.dd@21fed506_ARCHIVE_LOCATION">d:/xilinx/viado/project_lacation/ip_repo/AXI_AD7768_1.0</xilinx:tag>
        <xilinx:tag xilinx:name="ui.data.coregen.dd@77467d1e_ARCHIVE_LOCATION">d:/xilinx/viado/project_lacation/ip_repo/AXI_AD7768_1.0</xilinx:tag>
        <xilinx:tag xilinx:name="ui.data.coregen.dd@10240afe_ARCHIVE_LOCATION">d:/xilinx/viado/project_lacation/ip_repo/AXI_AD7768_1.0</xilinx:tag>
        <xilinx:tag xilinx:name="ui.data.coregen.dd@7c645120_ARCHIVE_LOCATION">d:/xilinx/viado/project_lacation/ip_repo/AXI_AD7768_1.0</xilinx:tag>
        <xilinx:tag xilinx:name="ui.data.coregen.dd@40f8432_ARCHIVE_LOCATION">d:/xilinx/viado/project_lacation/ip_repo/AXI_AD7768_1.0</xilinx:tag>
        <xilinx:tag xilinx:name="ui.data.coregen.dd@399cd825_ARCHIVE_LOCATION">d:/xilinx/viado/project_lacation/ip_repo/AXI_AD7768_1.0</xilinx:tag>
        <xilinx:tag xilinx:name="ui.data.coregen.dd@7886fe1c_ARCHIVE_LOCATION">d:/xilinx/viado/project_lacation/ip_repo/AXI_AD7768_1.0</xilinx:tag>
        <xilinx:tag xilinx:name="ui.data.coregen.dd@25020966_ARCHIVE_LOCATION">d:/xilinx/viado/project_lacation/ip_repo/AXI_AD7768_1.0</xilinx:tag>
        <xilinx:tag xilinx:name="ui.data.coregen.dd@6d585a3b_ARCHIVE_LOCATION">d:/xilinx/viado/project_lacation/ip_repo/AXI_AD7768_1.0</xilinx:tag>
        <xilinx:tag xilinx:name="ui.data.coregen.dd@1b1a57b1_ARCHIVE_LOCATION">d:/xilinx/viado/project_lacation/ip_repo/AXI_AD7768_1.0</xilinx:tag>
        <xilinx:tag xilinx:name="ui.data.coregen.dd@3f8f7f25_ARCHIVE_LOCATION">d:/xilinx/viado/project_lacation/ip_repo/AXI_AD7768_1.0</xilinx:tag>
        <xilinx:tag xilinx:name="ui.data.coregen.dd@6bd3b53d_ARCHIVE_LOCATION">d:/xilinx/viado/project_lacation/ip_repo/AXI_AD7768_1.0</xilinx:tag>
        <xilinx:tag xilinx:name="ui.data.coregen.dd@2e79d6f_ARCHIVE_LOCATION">d:/xilinx/viado/project_lacation/ip_repo/AXI_AD7768_1.0</xilinx:tag>
        <xilinx:tag xilinx:name="ui.data.coregen.dd@77c2e632_ARCHIVE_LOCATION">d:/xilinx/viado/project_lacation/ip_repo/AXI_AD7768_1.0</xilinx:tag>
        <xilinx:tag xilinx:name="ui.data.coregen.dd@7043b7cf_ARCHIVE_LOCATION">d:/xilinx/viado/project_lacation/ip_repo/AXI_AD7768_1.0</xilinx:tag>
        <xilinx:tag xilinx:name="ui.data.coregen.dd@394df0c5_ARCHIVE_LOCATION">d:/xilinx/viado/project_lacation/ip_repo/AXI_AD7768_1.0</xilinx:tag>
        <xilinx:tag xilinx:name="ui.data.coregen.dd@5057ccee_ARCHIVE_LOCATION">d:/xilinx/viado/project_lacation/ip_repo/AXI_AD7768_1.0</xilinx:tag>
        <xilinx:tag xilinx:name="ui.data.coregen.dd@79a11374_ARCHIVE_LOCATION">d:/xilinx/viado/project_lacation/ip_repo/AXI_AD7768_1.0</xilinx:tag>
        <xilinx:tag xilinx:name="ui.data.coregen.dd@1dd37825_ARCHIVE_LOCATION">d:/xilinx/viado/project_lacation/ip_repo/AXI_AD7768_1.0</xilinx:tag>
        <xilinx:tag xilinx:name="ui.data.coregen.dd@5112aa2c_ARCHIVE_LOCATION">d:/xilinx/viado/project_lacation/ip_repo/AXI_AD7768_1.0</xilinx:tag>
        <xilinx:tag xilinx:name="ui.data.coregen.dd@5cf4c9e7_ARCHIVE_LOCATION">d:/xilinx/viado/project_lacation/ip_repo/AXI_AD7768_1.0</xilinx:tag>
        <xilinx:tag xilinx:name="ui.data.coregen.dd@650c5d73_ARCHIVE_LOCATION">d:/xilinx/viado/project_lacation/ip_repo/AXI_AD7768_1.0</xilinx:tag>
        <xilinx:tag xilinx:name="ui.data.coregen.dd@623c28e0_ARCHIVE_LOCATION">d:/xilinx/viado/project_lacation/ip_repo/AXI_AD7768_1.0</xilinx:tag>
        <xilinx:tag xilinx:name="ui.data.coregen.dd@7f97d0f1_ARCHIVE_LOCATION">d:/xilinx/viado/project_lacation/ip_repo/AXI_AD7768_1.0</xilinx:tag>
        <xilinx:tag xilinx:name="ui.data.coregen.dd@1258c608_ARCHIVE_LOCATION">d:/xilinx/viado/project_lacation/ip_repo/AXI_AD7768_1.0</xilinx:tag>
        <xilinx:tag xilinx:name="ui.data.coregen.dd@68f3af43_ARCHIVE_LOCATION">d:/xilinx/viado/project_lacation/ip_repo/AXI_AD7768_1.0</xilinx:tag>
        <xilinx:tag xilinx:name="ui.data.coregen.dd@37e14083_ARCHIVE_LOCATION">d:/xilinx/viado/project_lacation/ip_repo/AXI_AD7768_1.0</xilinx:tag>
        <xilinx:tag xilinx:name="ui.data.coregen.dd@3ca7e5ff_ARCHIVE_LOCATION">d:/xilinx/viado/project_lacation/ip_repo/AXI_AD7768_1.0</xilinx:tag>
        <xilinx:tag xilinx:name="ui.data.coregen.dd@5d8ef187_ARCHIVE_LOCATION">d:/xilinx/viado/project_lacation/ip_repo/AXI_AD7768_1.0</xilinx:tag>
        <xilinx:tag xilinx:name="ui.data.coregen.dd@4a96d2e0_ARCHIVE_LOCATION">e:/FPGAlearn/pynq/prj/ip_repo/AXI_AD7768_1.0</xilinx:tag>
        <xilinx:tag xilinx:name="ui.data.coregen.dd@1f8817cb_ARCHIVE_LOCATION">e:/FPGAlearn/pynq/prj/ip_repo/AXI_AD7768_1.0</xilinx:tag>
        <xilinx:tag xilinx:name="ui.data.coregen.dd@22186875_ARCHIVE_LOCATION">e:/FPGAlearn/pynq/prj/ip_repo/AXI_AD7768_1.0</xilinx:tag>
        <xilinx:tag xilinx:name="ui.data.coregen.dd@4a2447d5_ARCHIVE_LOCATION">e:/FPGAlearn/pynq/prj/ip_repo/AXI_AD7768_1.0</xilinx:tag>
        <xilinx:tag xilinx:name="ui.data.coregen.dd@44928177_ARCHIVE_LOCATION">e:/FPGAlearn/pynq/prj/ip_repo/AXI_AD7768_1.0</xilinx:tag>
        <xilinx:tag xilinx:name="ui.data.coregen.dd@3cec2991_ARCHIVE_LOCATION">e:/FPGAlearn/pynq/prj/ip_repo/AXI_AD7768_1.0</xilinx:tag>
        <xilinx:tag xilinx:name="ui.data.coregen.dd@4cb26db8_ARCHIVE_LOCATION">e:/FPGAlearn/pynq/prj/ip_repo/AXI_AD7768_1.0</xilinx:tag>
        <xilinx:tag xilinx:name="ui.data.coregen.dd@41b5feb2_ARCHIVE_LOCATION">e:/FPGAlearn/pynq/prj/ip_repo/AXI_AD7768_1.0</xilinx:tag>
        <xilinx:tag xilinx:name="ui.data.coregen.dd@537ffa64_ARCHIVE_LOCATION">e:/FPGAlearn/pynq/prj/ip_repo/AXI_AD7768_1.0</xilinx:tag>
        <xilinx:tag xilinx:name="ui.data.coregen.dd@7c157559_ARCHIVE_LOCATION">e:/FPGAlearn/pynq/prj/ip_repo/AXI_AD7768_1.0</xilinx:tag>
        <xilinx:tag xilinx:name="ui.data.coregen.dd@5f6419a0_ARCHIVE_LOCATION">e:/FPGAlearn/pynq/prj/ip_repo/AXI_AD7768_1.0</xilinx:tag>
        <xilinx:tag xilinx:name="ui.data.coregen.dd@56c2acca_ARCHIVE_LOCATION">e:/FPGAlearn/pynq/prj/ip_repo/AXI_AD7768_1.0</xilinx:tag>
        <xilinx:tag xilinx:name="ui.data.coregen.dd@2e29359a_ARCHIVE_LOCATION">e:/FPGAlearn/pynq/prj/ip_repo/AXI_AD7768_1.0</xilinx:tag>
        <xilinx:tag xilinx:name="ui.data.coregen.dd@4e2fba3a_ARCHIVE_LOCATION">e:/FPGAlearn/pynq/prj/ip_repo/AXI_AD7768_1.0</xilinx:tag>
        <xilinx:tag xilinx:name="ui.data.coregen.dd@4e7c0216_ARCHIVE_LOCATION">e:/FPGAlearn/pynq/prj/ip_repo/AXI_AD7768_1.0</xilinx:tag>
        <xilinx:tag xilinx:name="ui.data.coregen.dd@31d19c98_ARCHIVE_LOCATION">e:/FPGAlearn/pynq/prj/ip_repo/AXI_AD7768_1.0</xilinx:tag>
        <xilinx:tag xilinx:name="ui.data.coregen.dd@59999389_ARCHIVE_LOCATION">e:/FPGAlearn/pynq/prj/ip_repo/AXI_AD7768_1.0</xilinx:tag>
        <xilinx:tag xilinx:name="ui.data.coregen.dd@50ba7a0d_ARCHIVE_LOCATION">e:/FPGAlearn/pynq/prj/ip_repo/AXI_AD7768_1.0</xilinx:tag>
        <xilinx:tag xilinx:name="ui.data.coregen.dd@42bd2014_ARCHIVE_LOCATION">e:/FPGAlearn/pynq/prj/ip_repo/AXI_AD7768_1.0</xilinx:tag>
        <xilinx:tag xilinx:name="ui.data.coregen.dd@73bcfa1f_ARCHIVE_LOCATION">e:/FPGAlearn/pynq/prj/ip_repo/AXI_AD7768_1.0</xilinx:tag>
        <xilinx:tag xilinx:name="ui.data.coregen.dd@de287e3_ARCHIVE_LOCATION">e:/FPGAlearn/pynq/prj/ip_repo/AXI_AD7768_1.0</xilinx:tag>
        <xilinx:tag xilinx:name="ui.data.coregen.dd@61bbaee2_ARCHIVE_LOCATION">e:/FPGAlearn/pynq/prj/ip_repo/AXI_AD7768_1.0</xilinx:tag>
        <xilinx:tag xilinx:name="ui.data.coregen.dd@5c11649d_ARCHIVE_LOCATION">e:/FPGAlearn/pynq/prj/ip_repo/AXI_AD7768_1.0</xilinx:tag>
        <xilinx:tag xilinx:name="ui.data.coregen.dd@5a7a93bd_ARCHIVE_LOCATION">e:/FPGAlearn/pynq/prj/ip_repo/AXI_AD7768_1.0</xilinx:tag>
        <xilinx:tag xilinx:name="ui.data.coregen.dd@1b4e55e8_ARCHIVE_LOCATION">e:/FPGAlearn/pynq/prj/ip_repo/AXI_AD7768_1.0</xilinx:tag>
        <xilinx:tag xilinx:name="ui.data.coregen.dd@5da6afd8_ARCHIVE_LOCATION">e:/FPGAlearn/pynq/prj/ip_repo/AXI_AD7768_1.0</xilinx:tag>
        <xilinx:tag xilinx:name="ui.data.coregen.dd@3f14d31c_ARCHIVE_LOCATION">e:/FPGAlearn/pynq/prj/ip_repo/AXI_AD7768_1.0</xilinx:tag>
        <xilinx:tag xilinx:name="ui.data.coregen.dd@10a48027_ARCHIVE_LOCATION">e:/FPGAlearn/pynq/prj/ip_repo/AXI_AD7768_1.0</xilinx:tag>
        <xilinx:tag xilinx:name="ui.data.coregen.dd@6a620e8b_ARCHIVE_LOCATION">e:/FPGAlearn/pynq/prj/ip_repo/AXI_AD7768_1.0</xilinx:tag>
        <xilinx:tag xilinx:name="ui.data.coregen.dd@784109bb_ARCHIVE_LOCATION">e:/FPGAlearn/pynq/prj/ip_repo/AXI_AD7768_1.0</xilinx:tag>
        <xilinx:tag xilinx:name="ui.data.coregen.dd@4c54b4e3_ARCHIVE_LOCATION">e:/FPGAlearn/pynq/prj/ip_repo/AXI_AD7768_1.0</xilinx:tag>
        <xilinx:tag xilinx:name="ui.data.coregen.dd@3b5c1aa0_ARCHIVE_LOCATION">e:/FPGAlearn/pynq/prj/ip_repo/AXI_AD7768_1.0</xilinx:tag>
        <xilinx:tag xilinx:name="ui.data.coregen.dd@218bfdeb_ARCHIVE_LOCATION">e:/FPGAlearn/pynq/prj/ip_repo/AXI_AD7768_1.0</xilinx:tag>
        <xilinx:tag xilinx:name="ui.data.coregen.dd@11fcc591_ARCHIVE_LOCATION">e:/FPGAlearn/pynq/prj/ip_repo/AXI_AD7768_1.0</xilinx:tag>
        <xilinx:tag xilinx:name="ui.data.coregen.dd@5ebe579a_ARCHIVE_LOCATION">e:/FPGAlearn/pynq/prj/ip_repo/AXI_AD7768_1.0</xilinx:tag>
        <xilinx:tag xilinx:name="ui.data.coregen.dd@5402452c_ARCHIVE_LOCATION">e:/FPGAlearn/pynq/prj/ip_repo/AXI_AD7768_1.0</xilinx:tag>
        <xilinx:tag xilinx:name="ui.data.coregen.dd@54deaa99_ARCHIVE_LOCATION">e:/FPGAlearn/pynq/prj/ip_repo/AXI_AD7768_1.0</xilinx:tag>
        <xilinx:tag xilinx:name="ui.data.coregen.dd@2433196b_ARCHIVE_LOCATION">e:/FPGAlearn/pynq/prj/ip_repo/AXI_AD7768_1.0</xilinx:tag>
        <xilinx:tag xilinx:name="ui.data.coregen.dd@5dda9aad_ARCHIVE_LOCATION">e:/FPGAlearn/pynq/prj/ip_repo/AXI_AD7768_1.0</xilinx:tag>
        <xilinx:tag xilinx:name="ui.data.coregen.dd@4441fb1_ARCHIVE_LOCATION">e:/FPGAlearn/pynq/prj/ip_repo/AXI_AD7768_1.0</xilinx:tag>
        <xilinx:tag xilinx:name="ui.data.coregen.dd@6d2efe00_ARCHIVE_LOCATION">e:/FPGAlearn/pynq/prj/ip_repo/AXI_AD7768_1.0</xilinx:tag>
        <xilinx:tag xilinx:name="ui.data.coregen.dd@5571bf79_ARCHIVE_LOCATION">e:/FPGAlearn/pynq/prj/ip_repo/AXI_AD7768_1.0</xilinx:tag>
        <xilinx:tag xilinx:name="ui.data.coregen.dd@c0b0373_ARCHIVE_LOCATION">e:/FPGAlearn/pynq/prj/ip_repo/AXI_AD7768_1.0</xilinx:tag>
        <xilinx:tag xilinx:name="ui.data.coregen.dd@61371cbc_ARCHIVE_LOCATION">e:/FPGAlearn/pynq/prj/ip_repo/AXI_AD7768_1.0</xilinx:tag>
        <xilinx:tag xilinx:name="ui.data.coregen.dd@4c32bf1d_ARCHIVE_LOCATION">e:/FPGAlearn/pynq/prj/ip_repo/AXI_AD7768_1.0</xilinx:tag>
        <xilinx:tag xilinx:name="ui.data.coregen.dd@5d058612_ARCHIVE_LOCATION">e:/FPGAlearn/pynq/prj/ip_repo/AXI_AD7768_1.0</xilinx:tag>
        <xilinx:tag xilinx:name="ui.data.coregen.dd@203288d_ARCHIVE_LOCATION">e:/FPGAlearn/pynq/prj/ip_repo/AXI_AD7768_1.0</xilinx:tag>
        <xilinx:tag xilinx:name="ui.data.coregen.dd@15676402_ARCHIVE_LOCATION">e:/FPGAlearn/pynq/prj/ip_repo/AXI_AD7768_1.0</xilinx:tag>
        <xilinx:tag xilinx:name="ui.data.coregen.dd@aa8f1b3_ARCHIVE_LOCATION">e:/FPGAlearn/pynq/prj/ip_repo/AXI_AD7768_1.0</xilinx:tag>
        <xilinx:tag xilinx:name="ui.data.coregen.dd@eb1e08b_ARCHIVE_LOCATION">e:/FPGAlearn/pynq/prj/ip_repo/AXI_AD7768_1.0</xilinx:tag>
        <xilinx:tag xilinx:name="ui.data.coregen.dd@557aea7f_ARCHIVE_LOCATION">e:/FPGAlearn/pynq/prj/ip_repo/AXI_AD7768_1.0</xilinx:tag>
        <xilinx:tag xilinx:name="ui.data.coregen.dd@43aeb5fc_ARCHIVE_LOCATION">e:/FPGAlearn/pynq/prj/ip_repo/AXI_AD7768_1.0</xilinx:tag>
        <xilinx:tag xilinx:name="ui.data.coregen.dd@1d936b49_ARCHIVE_LOCATION">e:/FPGAlearn/pynq/prj/ip_repo/AXI_AD7768_1.0</xilinx:tag>
        <xilinx:tag xilinx:name="ui.data.coregen.dd@38fa05e3_ARCHIVE_LOCATION">e:/FPGAlearn/pynq/prj/ip_repo/AXI_AD7768_1.0</xilinx:tag>
        <xilinx:tag xilinx:name="ui.data.coregen.dd@3710ba2e_ARCHIVE_LOCATION">e:/FPGAlearn/pynq/prj/ip_repo/AXI_AD7768_1.0</xilinx:tag>
        <xilinx:tag xilinx:name="ui.data.coregen.dd@32007a72_ARCHIVE_LOCATION">e:/FPGAlearn/pynq/prj/ip_repo/AXI_AD7768_1.0</xilinx:tag>
        <xilinx:tag xilinx:name="ui.data.coregen.dd@d47a37a_ARCHIVE_LOCATION">e:/FPGAlearn/pynq/prj/ip_repo/AXI_AD7768_1.0</xilinx:tag>
        <xilinx:tag xilinx:name="ui.data.coregen.dd@5a84bd87_ARCHIVE_LOCATION">e:/FPGAlearn/pynq/prj/ip_repo/AXI_AD7768_1.0</xilinx:tag>
        <xilinx:tag xilinx:name="ui.data.coregen.dd@50f9177_ARCHIVE_LOCATION">e:/FPGAlearn/pynq/prj/ip_repo/AXI_AD7768_1.0</xilinx:tag>
        <xilinx:tag xilinx:name="ui.data.coregen.dd@a1d9e3d_ARCHIVE_LOCATION">e:/FPGAlearn/pynq/prj/ip_repo/AXI_AD7768_1.0</xilinx:tag>
        <xilinx:tag xilinx:name="ui.data.coregen.dd@47529412_ARCHIVE_LOCATION">e:/FPGAlearn/pynq/prj/ip_repo/AXI_AD7768_1.0</xilinx:tag>
        <xilinx:tag xilinx:name="ui.data.coregen.dd@5154e469_ARCHIVE_LOCATION">e:/FPGAlearn/pynq/prj/ip_repo/AXI_AD7768_1.0</xilinx:tag>
      </xilinx:tags>
    </xilinx:coreExtensions>
    <xilinx:packagingInfo>
      <xilinx:xilinxVersion>2018.3</xilinx:xilinxVersion>
      <xilinx:checksum xilinx:scope="busInterfaces" xilinx:value="206b0a70"/>
      <xilinx:checksum xilinx:scope="memoryMaps" xilinx:value="ed1368d5"/>
      <xilinx:checksum xilinx:scope="fileGroups" xilinx:value="f0a270e4"/>
      <xilinx:checksum xilinx:scope="ports" xilinx:value="2dfacda3"/>
      <xilinx:checksum xilinx:scope="hdlParameters" xilinx:value="2e811c89"/>
      <xilinx:checksum xilinx:scope="parameters" xilinx:value="7547a677"/>
    </xilinx:packagingInfo>
  </spirit:vendorExtensions>
</spirit:component>
