<?xml version="1.0" encoding="UTF-8"?>
<spirit:component xmlns:xilinx="http://www.xilinx.com" xmlns:spirit="http://www.spiritconsortium.org/XMLSchema/SPIRIT/1685-2009" xmlns:xsi="http://www.w3.org/2001/XMLSchema-instance">
  <spirit:vendor>xilinx.com</spirit:vendor>
  <spirit:library>user</spirit:library>
  <spirit:name>ad7768_one</spirit:name>
  <spirit:version>1.0</spirit:version>
  <spirit:busInterfaces>
    <spirit:busInterface>
      <spirit:name>reset</spirit:name>
      <spirit:busType spirit:vendor="xilinx.com" spirit:library="signal" spirit:name="reset" spirit:version="1.0"/>
      <spirit:abstractionType spirit:vendor="xilinx.com" spirit:library="signal" spirit:name="reset_rtl" spirit:version="1.0"/>
      <spirit:slave/>
      <spirit:portMaps>
        <spirit:portMap>
          <spirit:logicalPort>
            <spirit:name>RST</spirit:name>
          </spirit:logicalPort>
          <spirit:physicalPort>
            <spirit:name>reset</spirit:name>
          </spirit:physicalPort>
        </spirit:portMap>
      </spirit:portMaps>
    </spirit:busInterface>
  </spirit:busInterfaces>
  <spirit:model>
    <spirit:views>
      <spirit:view>
        <spirit:name>xilinx_anylanguagesynthesis</spirit:name>
        <spirit:displayName>Synthesis</spirit:displayName>
        <spirit:envIdentifier>:vivado.xilinx.com:synthesis</spirit:envIdentifier>
        <spirit:language>Verilog</spirit:language>
        <spirit:modelName>ad7768_one</spirit:modelName>
        <spirit:fileSetRef>
          <spirit:localName>xilinx_anylanguagesynthesis_view_fileset</spirit:localName>
        </spirit:fileSetRef>
        <spirit:parameters>
          <spirit:parameter>
            <spirit:name>viewChecksum</spirit:name>
            <spirit:value>2a2dc3d1</spirit:value>
          </spirit:parameter>
        </spirit:parameters>
      </spirit:view>
      <spirit:view>
        <spirit:name>xilinx_anylanguagebehavioralsimulation</spirit:name>
        <spirit:displayName>Simulation</spirit:displayName>
        <spirit:envIdentifier>:vivado.xilinx.com:simulation</spirit:envIdentifier>
        <spirit:language>Verilog</spirit:language>
        <spirit:modelName>ad7768_one</spirit:modelName>
        <spirit:fileSetRef>
          <spirit:localName>xilinx_anylanguagebehavioralsimulation_view_fileset</spirit:localName>
        </spirit:fileSetRef>
        <spirit:parameters>
          <spirit:parameter>
            <spirit:name>viewChecksum</spirit:name>
            <spirit:value>2a2dc3d1</spirit:value>
          </spirit:parameter>
        </spirit:parameters>
      </spirit:view>
      <spirit:view>
        <spirit:name>xilinx_xpgui</spirit:name>
        <spirit:displayName>UI Layout</spirit:displayName>
        <spirit:envIdentifier>:vivado.xilinx.com:xgui.ui</spirit:envIdentifier>
        <spirit:fileSetRef>
          <spirit:localName>xilinx_xpgui_view_fileset</spirit:localName>
        </spirit:fileSetRef>
        <spirit:parameters>
          <spirit:parameter>
            <spirit:name>viewChecksum</spirit:name>
            <spirit:value>755873a0</spirit:value>
          </spirit:parameter>
        </spirit:parameters>
      </spirit:view>
    </spirit:views>
    <spirit:ports>
      <spirit:port>
        <spirit:name>DCLK</spirit:name>
        <spirit:wire>
          <spirit:direction>in</spirit:direction>
          <spirit:wireTypeDefs>
            <spirit:wireTypeDef>
              <spirit:typeName>wire</spirit:typeName>
              <spirit:viewNameRef>xilinx_anylanguagesynthesis</spirit:viewNameRef>
              <spirit:viewNameRef>xilinx_anylanguagebehavioralsimulation</spirit:viewNameRef>
            </spirit:wireTypeDef>
          </spirit:wireTypeDefs>
        </spirit:wire>
      </spirit:port>
      <spirit:port>
        <spirit:name>DRDY_in</spirit:name>
        <spirit:wire>
          <spirit:direction>in</spirit:direction>
          <spirit:wireTypeDefs>
            <spirit:wireTypeDef>
              <spirit:typeName>wire</spirit:typeName>
              <spirit:viewNameRef>xilinx_anylanguagesynthesis</spirit:viewNameRef>
              <spirit:viewNameRef>xilinx_anylanguagebehavioralsimulation</spirit:viewNameRef>
            </spirit:wireTypeDef>
          </spirit:wireTypeDefs>
        </spirit:wire>
      </spirit:port>
      <spirit:port>
        <spirit:name>reset</spirit:name>
        <spirit:wire>
          <spirit:direction>in</spirit:direction>
          <spirit:wireTypeDefs>
            <spirit:wireTypeDef>
              <spirit:typeName>wire</spirit:typeName>
              <spirit:viewNameRef>xilinx_anylanguagesynthesis</spirit:viewNameRef>
              <spirit:viewNameRef>xilinx_anylanguagebehavioralsimulation</spirit:viewNameRef>
            </spirit:wireTypeDef>
          </spirit:wireTypeDefs>
        </spirit:wire>
      </spirit:port>
      <spirit:port>
        <spirit:name>data_in</spirit:name>
        <spirit:wire>
          <spirit:direction>in</spirit:direction>
          <spirit:vector>
            <spirit:left spirit:format="long">7</spirit:left>
            <spirit:right spirit:format="long">0</spirit:right>
          </spirit:vector>
          <spirit:wireTypeDefs>
            <spirit:wireTypeDef>
              <spirit:typeName>wire</spirit:typeName>
              <spirit:viewNameRef>xilinx_anylanguagesynthesis</spirit:viewNameRef>
              <spirit:viewNameRef>xilinx_anylanguagebehavioralsimulation</spirit:viewNameRef>
            </spirit:wireTypeDef>
          </spirit:wireTypeDefs>
        </spirit:wire>
      </spirit:port>
      <spirit:port>
        <spirit:name>read_flag</spirit:name>
        <spirit:wire>
          <spirit:direction>in</spirit:direction>
          <spirit:wireTypeDefs>
            <spirit:wireTypeDef>
              <spirit:typeName>wire</spirit:typeName>
              <spirit:viewNameRef>xilinx_anylanguagesynthesis</spirit:viewNameRef>
              <spirit:viewNameRef>xilinx_anylanguagebehavioralsimulation</spirit:viewNameRef>
            </spirit:wireTypeDef>
          </spirit:wireTypeDefs>
        </spirit:wire>
      </spirit:port>
      <spirit:port>
        <spirit:name>sync_n</spirit:name>
        <spirit:wire>
          <spirit:direction>out</spirit:direction>
          <spirit:wireTypeDefs>
            <spirit:wireTypeDef>
              <spirit:typeName>std_logic</spirit:typeName>
              <spirit:viewNameRef>xilinx_anylanguagesynthesis</spirit:viewNameRef>
              <spirit:viewNameRef>xilinx_anylanguagebehavioralsimulation</spirit:viewNameRef>
            </spirit:wireTypeDef>
          </spirit:wireTypeDefs>
        </spirit:wire>
      </spirit:port>
      <spirit:port>
        <spirit:name>adc_data0_out</spirit:name>
        <spirit:wire>
          <spirit:direction>out</spirit:direction>
          <spirit:vector>
            <spirit:left spirit:format="long">23</spirit:left>
            <spirit:right spirit:format="long">0</spirit:right>
          </spirit:vector>
          <spirit:wireTypeDefs>
            <spirit:wireTypeDef>
              <spirit:typeName>reg</spirit:typeName>
              <spirit:viewNameRef>xilinx_anylanguagesynthesis</spirit:viewNameRef>
              <spirit:viewNameRef>xilinx_anylanguagebehavioralsimulation</spirit:viewNameRef>
            </spirit:wireTypeDef>
          </spirit:wireTypeDefs>
        </spirit:wire>
      </spirit:port>
      <spirit:port>
        <spirit:name>adc_data1_out</spirit:name>
        <spirit:wire>
          <spirit:direction>out</spirit:direction>
          <spirit:vector>
            <spirit:left spirit:format="long">23</spirit:left>
            <spirit:right spirit:format="long">0</spirit:right>
          </spirit:vector>
          <spirit:wireTypeDefs>
            <spirit:wireTypeDef>
              <spirit:typeName>reg</spirit:typeName>
              <spirit:viewNameRef>xilinx_anylanguagesynthesis</spirit:viewNameRef>
              <spirit:viewNameRef>xilinx_anylanguagebehavioralsimulation</spirit:viewNameRef>
            </spirit:wireTypeDef>
          </spirit:wireTypeDefs>
        </spirit:wire>
      </spirit:port>
      <spirit:port>
        <spirit:name>adc_data2_out</spirit:name>
        <spirit:wire>
          <spirit:direction>out</spirit:direction>
          <spirit:vector>
            <spirit:left spirit:format="long">23</spirit:left>
            <spirit:right spirit:format="long">0</spirit:right>
          </spirit:vector>
          <spirit:wireTypeDefs>
            <spirit:wireTypeDef>
              <spirit:typeName>reg</spirit:typeName>
              <spirit:viewNameRef>xilinx_anylanguagesynthesis</spirit:viewNameRef>
              <spirit:viewNameRef>xilinx_anylanguagebehavioralsimulation</spirit:viewNameRef>
            </spirit:wireTypeDef>
          </spirit:wireTypeDefs>
        </spirit:wire>
      </spirit:port>
      <spirit:port>
        <spirit:name>adc_data3_out</spirit:name>
        <spirit:wire>
          <spirit:direction>out</spirit:direction>
          <spirit:vector>
            <spirit:left spirit:format="long">23</spirit:left>
            <spirit:right spirit:format="long">0</spirit:right>
          </spirit:vector>
          <spirit:wireTypeDefs>
            <spirit:wireTypeDef>
              <spirit:typeName>reg</spirit:typeName>
              <spirit:viewNameRef>xilinx_anylanguagesynthesis</spirit:viewNameRef>
              <spirit:viewNameRef>xilinx_anylanguagebehavioralsimulation</spirit:viewNameRef>
            </spirit:wireTypeDef>
          </spirit:wireTypeDefs>
        </spirit:wire>
      </spirit:port>
      <spirit:port>
        <spirit:name>adc_data4_out</spirit:name>
        <spirit:wire>
          <spirit:direction>out</spirit:direction>
          <spirit:vector>
            <spirit:left spirit:format="long">23</spirit:left>
            <spirit:right spirit:format="long">0</spirit:right>
          </spirit:vector>
          <spirit:wireTypeDefs>
            <spirit:wireTypeDef>
              <spirit:typeName>reg</spirit:typeName>
              <spirit:viewNameRef>xilinx_anylanguagesynthesis</spirit:viewNameRef>
              <spirit:viewNameRef>xilinx_anylanguagebehavioralsimulation</spirit:viewNameRef>
            </spirit:wireTypeDef>
          </spirit:wireTypeDefs>
        </spirit:wire>
      </spirit:port>
      <spirit:port>
        <spirit:name>adc_data5_out</spirit:name>
        <spirit:wire>
          <spirit:direction>out</spirit:direction>
          <spirit:vector>
            <spirit:left spirit:format="long">23</spirit:left>
            <spirit:right spirit:format="long">0</spirit:right>
          </spirit:vector>
          <spirit:wireTypeDefs>
            <spirit:wireTypeDef>
              <spirit:typeName>reg</spirit:typeName>
              <spirit:viewNameRef>xilinx_anylanguagesynthesis</spirit:viewNameRef>
              <spirit:viewNameRef>xilinx_anylanguagebehavioralsimulation</spirit:viewNameRef>
            </spirit:wireTypeDef>
          </spirit:wireTypeDefs>
        </spirit:wire>
      </spirit:port>
      <spirit:port>
        <spirit:name>adc_data6_out</spirit:name>
        <spirit:wire>
          <spirit:direction>out</spirit:direction>
          <spirit:vector>
            <spirit:left spirit:format="long">23</spirit:left>
            <spirit:right spirit:format="long">0</spirit:right>
          </spirit:vector>
          <spirit:wireTypeDefs>
            <spirit:wireTypeDef>
              <spirit:typeName>reg</spirit:typeName>
              <spirit:viewNameRef>xilinx_anylanguagesynthesis</spirit:viewNameRef>
              <spirit:viewNameRef>xilinx_anylanguagebehavioralsimulation</spirit:viewNameRef>
            </spirit:wireTypeDef>
          </spirit:wireTypeDefs>
        </spirit:wire>
      </spirit:port>
      <spirit:port>
        <spirit:name>adc_data7_out</spirit:name>
        <spirit:wire>
          <spirit:direction>out</spirit:direction>
          <spirit:vector>
            <spirit:left spirit:format="long">23</spirit:left>
            <spirit:right spirit:format="long">0</spirit:right>
          </spirit:vector>
          <spirit:wireTypeDefs>
            <spirit:wireTypeDef>
              <spirit:typeName>reg</spirit:typeName>
              <spirit:viewNameRef>xilinx_anylanguagesynthesis</spirit:viewNameRef>
              <spirit:viewNameRef>xilinx_anylanguagebehavioralsimulation</spirit:viewNameRef>
            </spirit:wireTypeDef>
          </spirit:wireTypeDefs>
        </spirit:wire>
      </spirit:port>
      <spirit:port>
        <spirit:name>read_end_flag</spirit:name>
        <spirit:wire>
          <spirit:direction>out</spirit:direction>
          <spirit:wireTypeDefs>
            <spirit:wireTypeDef>
              <spirit:typeName>reg</spirit:typeName>
              <spirit:viewNameRef>xilinx_anylanguagesynthesis</spirit:viewNameRef>
              <spirit:viewNameRef>xilinx_anylanguagebehavioralsimulation</spirit:viewNameRef>
            </spirit:wireTypeDef>
          </spirit:wireTypeDefs>
        </spirit:wire>
      </spirit:port>
    </spirit:ports>
    <spirit:modelParameters>
      <spirit:modelParameter xsi:type="spirit:nameValueTypeType" spirit:dataType="integer">
        <spirit:name>IDLE</spirit:name>
        <spirit:displayName>Idle</spirit:displayName>
        <spirit:value spirit:format="bitString" spirit:resolve="generated" spirit:id="MODELPARAM_VALUE.IDLE" spirit:bitStringLength="2">&quot;01&quot;</spirit:value>
      </spirit:modelParameter>
      <spirit:modelParameter spirit:dataType="integer">
        <spirit:name>READ</spirit:name>
        <spirit:displayName>Read</spirit:displayName>
        <spirit:value spirit:format="bitString" spirit:resolve="generated" spirit:id="MODELPARAM_VALUE.READ" spirit:bitStringLength="2">&quot;10&quot;</spirit:value>
      </spirit:modelParameter>
      <spirit:modelParameter spirit:dataType="integer">
        <spirit:name>idle_int_END</spirit:name>
        <spirit:displayName>Idle Int End</spirit:displayName>
        <spirit:value spirit:format="bitString" spirit:resolve="generated" spirit:id="MODELPARAM_VALUE.idle_int_END" spirit:bitStringLength="8">&quot;00100000&quot;</spirit:value>
      </spirit:modelParameter>
    </spirit:modelParameters>
  </spirit:model>
  <spirit:fileSets>
    <spirit:fileSet>
      <spirit:name>xilinx_anylanguagesynthesis_view_fileset</spirit:name>
      <spirit:file>
        <spirit:name>src/ad7768_one.v</spirit:name>
        <spirit:fileType>verilogSource</spirit:fileType>
        <spirit:userFileType>CHECKSUM_2a2dc3d1</spirit:userFileType>
        <spirit:userFileType>IMPORTED_FILE</spirit:userFileType>
      </spirit:file>
    </spirit:fileSet>
    <spirit:fileSet>
      <spirit:name>xilinx_anylanguagebehavioralsimulation_view_fileset</spirit:name>
      <spirit:file>
        <spirit:name>src/ad7768_one.v</spirit:name>
        <spirit:fileType>verilogSource</spirit:fileType>
        <spirit:userFileType>IMPORTED_FILE</spirit:userFileType>
      </spirit:file>
    </spirit:fileSet>
    <spirit:fileSet>
      <spirit:name>xilinx_xpgui_view_fileset</spirit:name>
      <spirit:file>
        <spirit:name>xgui/ad7768_one_v1_0.tcl</spirit:name>
        <spirit:fileType>tclSource</spirit:fileType>
        <spirit:userFileType>CHECKSUM_755873a0</spirit:userFileType>
        <spirit:userFileType>XGUI_VERSION_2</spirit:userFileType>
      </spirit:file>
    </spirit:fileSet>
  </spirit:fileSets>
  <spirit:description>ad7768_one_v1_0</spirit:description>
  <spirit:parameters>
    <spirit:parameter>
      <spirit:name>IDLE</spirit:name>
      <spirit:displayName>Idle</spirit:displayName>
      <spirit:value spirit:format="bitString" spirit:resolve="user" spirit:id="PARAM_VALUE.IDLE" spirit:bitStringLength="2">&quot;01&quot;</spirit:value>
    </spirit:parameter>
    <spirit:parameter>
      <spirit:name>READ</spirit:name>
      <spirit:displayName>Read</spirit:displayName>
      <spirit:value spirit:format="bitString" spirit:resolve="user" spirit:id="PARAM_VALUE.READ" spirit:bitStringLength="2">&quot;10&quot;</spirit:value>
    </spirit:parameter>
    <spirit:parameter>
      <spirit:name>idle_int_END</spirit:name>
      <spirit:displayName>Idle Int End</spirit:displayName>
      <spirit:value spirit:format="bitString" spirit:resolve="user" spirit:id="PARAM_VALUE.idle_int_END" spirit:bitStringLength="8">&quot;00100000&quot;</spirit:value>
    </spirit:parameter>
    <spirit:parameter>
      <spirit:name>Component_Name</spirit:name>
      <spirit:value spirit:resolve="user" spirit:id="PARAM_VALUE.Component_Name" spirit:order="1">ad7768_one_v1_0</spirit:value>
    </spirit:parameter>
  </spirit:parameters>
  <spirit:vendorExtensions>
    <xilinx:coreExtensions>
      <xilinx:supportedFamilies>
        <xilinx:family xilinx:lifeCycle="Production">zynq</xilinx:family>
      </xilinx:supportedFamilies>
      <xilinx:taxonomies>
        <xilinx:taxonomy>/UserIP</xilinx:taxonomy>
      </xilinx:taxonomies>
      <xilinx:displayName>ad7768_one_v1_0</xilinx:displayName>
      <xilinx:definitionSource>package_project</xilinx:definitionSource>
      <xilinx:coreRevision>4</xilinx:coreRevision>
      <xilinx:coreCreationDateTime>2020-08-01T06:51:11Z</xilinx:coreCreationDateTime>
      <xilinx:tags>
        <xilinx:tag xilinx:name="ui.data.coregen.dd@45e971f4_ARCHIVE_LOCATION">e:/FPGAlearn/pynq/prj/ip_repo</xilinx:tag>
        <xilinx:tag xilinx:name="ui.data.coregen.dd@747261b7_ARCHIVE_LOCATION">e:/FPGAlearn/pynq/prj/ip_repo</xilinx:tag>
        <xilinx:tag xilinx:name="ui.data.coregen.dd@effd824_ARCHIVE_LOCATION">e:/FPGAlearn/pynq/prj/ip_repo</xilinx:tag>
        <xilinx:tag xilinx:name="ui.data.coregen.dd@756632df_ARCHIVE_LOCATION">e:/FPGAlearn/pynq/prj/ip_repo</xilinx:tag>
        <xilinx:tag xilinx:name="ui.data.coregen.dd@365e81ca_ARCHIVE_LOCATION">e:/FPGAlearn/pynq/prj/ip_repo</xilinx:tag>
        <xilinx:tag xilinx:name="ui.data.coregen.dd@14a28be8_ARCHIVE_LOCATION">e:/FPGAlearn/pynq/prj/ip_repo</xilinx:tag>
        <xilinx:tag xilinx:name="ui.data.coregen.dd@548ae895_ARCHIVE_LOCATION">e:/FPGAlearn/pynq/prj/ip_repo</xilinx:tag>
        <xilinx:tag xilinx:name="ui.data.coregen.dd@7217250f_ARCHIVE_LOCATION">e:/FPGAlearn/pynq/prj/ip_repo</xilinx:tag>
        <xilinx:tag xilinx:name="ui.data.coregen.dd@4ca3eaf2_ARCHIVE_LOCATION">e:/FPGAlearn/pynq/prj/ip_repo</xilinx:tag>
        <xilinx:tag xilinx:name="ui.data.coregen.dd@60540975_ARCHIVE_LOCATION">e:/FPGAlearn/pynq/prj/ip_repo</xilinx:tag>
        <xilinx:tag xilinx:name="ui.data.coregen.dd@6d065f9_ARCHIVE_LOCATION">e:/FPGAlearn/pynq/prj/ip_repo</xilinx:tag>
        <xilinx:tag xilinx:name="ui.data.coregen.dd@6489e992_ARCHIVE_LOCATION">e:/FPGAlearn/pynq/prj/ip_repo</xilinx:tag>
        <xilinx:tag xilinx:name="ui.data.coregen.dd@7b24292c_ARCHIVE_LOCATION">e:/FPGAlearn/pynq/prj/ip_repo</xilinx:tag>
        <xilinx:tag xilinx:name="ui.data.coregen.dd@5fa98ac5_ARCHIVE_LOCATION">e:/FPGAlearn/pynq/prj/ip_repo</xilinx:tag>
        <xilinx:tag xilinx:name="ui.data.coregen.dd@4598d07c_ARCHIVE_LOCATION">e:/FPGAlearn/pynq/prj/ip_repo</xilinx:tag>
        <xilinx:tag xilinx:name="ui.data.coregen.dd@1ef6e33e_ARCHIVE_LOCATION">e:/FPGAlearn/pynq/prj/ip_repo</xilinx:tag>
        <xilinx:tag xilinx:name="ui.data.coregen.dd@4cdcb4b_ARCHIVE_LOCATION">e:/FPGAlearn/pynq/prj/ip_repo</xilinx:tag>
        <xilinx:tag xilinx:name="ui.data.coregen.dd@253ed105_ARCHIVE_LOCATION">e:/FPGAlearn/pynq/prj/ip_repo</xilinx:tag>
        <xilinx:tag xilinx:name="ui.data.coregen.dd@555f83f4_ARCHIVE_LOCATION">e:/FPGAlearn/pynq/prj/ip_repo</xilinx:tag>
        <xilinx:tag xilinx:name="ui.data.coregen.dd@2bd19b56_ARCHIVE_LOCATION">e:/FPGAlearn/pynq/prj/ip_repo/ad7768_one</xilinx:tag>
        <xilinx:tag xilinx:name="ui.data.coregen.dd@12ecc0ab_ARCHIVE_LOCATION">e:/FPGAlearn/pynq/prj/ip_repo/ad7768_one</xilinx:tag>
        <xilinx:tag xilinx:name="ui.data.coregen.dd@20d6228c_ARCHIVE_LOCATION">e:/FPGAlearn/pynq/prj/ip_repo/ad7768_one</xilinx:tag>
        <xilinx:tag xilinx:name="ui.data.coregen.dd@6ea579b5_ARCHIVE_LOCATION">e:/FPGAlearn/pynq/prj/ip_repo/ad7768_one</xilinx:tag>
        <xilinx:tag xilinx:name="ui.data.coregen.dd@4009ef95_ARCHIVE_LOCATION">e:/FPGAlearn/pynq/prj/ip_repo/ad7768_one</xilinx:tag>
        <xilinx:tag xilinx:name="ui.data.coregen.dd@252fc156_ARCHIVE_LOCATION">e:/FPGAlearn/pynq/prj/ip_repo/ad7768_one</xilinx:tag>
        <xilinx:tag xilinx:name="ui.data.coregen.dd@a9f2bd7_ARCHIVE_LOCATION">e:/FPGAlearn/pynq/prj/ip_repo/ad7768_one</xilinx:tag>
        <xilinx:tag xilinx:name="ui.data.coregen.dd@15dd9f83_ARCHIVE_LOCATION">e:/FPGAlearn/pynq/prj/ip_repo/ad7768_one</xilinx:tag>
        <xilinx:tag xilinx:name="ui.data.coregen.dd@62636717_ARCHIVE_LOCATION">e:/FPGAlearn/pynq/prj/ip_repo/ad7768_one</xilinx:tag>
        <xilinx:tag xilinx:name="ui.data.coregen.dd@1f0c55c0_ARCHIVE_LOCATION">e:/FPGAlearn/pynq/prj/ip_repo/ad7768_one</xilinx:tag>
        <xilinx:tag xilinx:name="ui.data.coregen.dd@78cd354b_ARCHIVE_LOCATION">e:/FPGAlearn/pynq/prj/ip_repo/ad7768_one</xilinx:tag>
        <xilinx:tag xilinx:name="ui.data.coregen.dd@13f0bf90_ARCHIVE_LOCATION">e:/FPGAlearn/pynq/prj/ip_repo/ad7768_one</xilinx:tag>
        <xilinx:tag xilinx:name="ui.data.coregen.dd@3ace0da7_ARCHIVE_LOCATION">e:/FPGAlearn/pynq/prj/ip_repo/ad7768_one</xilinx:tag>
        <xilinx:tag xilinx:name="ui.data.coregen.dd@b567217_ARCHIVE_LOCATION">e:/FPGAlearn/pynq/prj/ip_repo/ad7768_one</xilinx:tag>
        <xilinx:tag xilinx:name="ui.data.coregen.dd@4cd32fe1_ARCHIVE_LOCATION">e:/FPGAlearn/pynq/prj/ip_repo/ad7768_one</xilinx:tag>
        <xilinx:tag xilinx:name="ui.data.coregen.dd@6eac3cbf_ARCHIVE_LOCATION">e:/FPGAlearn/pynq/prj/ip_repo/ad7768_one</xilinx:tag>
        <xilinx:tag xilinx:name="ui.data.coregen.dd@3c93f7_ARCHIVE_LOCATION">e:/FPGAlearn/pynq/prj/ip_repo/ad7768_one</xilinx:tag>
        <xilinx:tag xilinx:name="ui.data.coregen.dd@74f36830_ARCHIVE_LOCATION">e:/FPGAlearn/pynq/prj/ip_repo/ad7768_one</xilinx:tag>
        <xilinx:tag xilinx:name="ui.data.coregen.dd@161e301_ARCHIVE_LOCATION">e:/FPGAlearn/pynq/prj/ip_repo/ad7768_one</xilinx:tag>
        <xilinx:tag xilinx:name="ui.data.coregen.dd@6004d769_ARCHIVE_LOCATION">e:/FPGAlearn/pynq/prj/ip_repo/ad7768_one</xilinx:tag>
        <xilinx:tag xilinx:name="ui.data.coregen.dd@4dcd3312_ARCHIVE_LOCATION">e:/FPGAlearn/pynq/prj/ip_repo/ad7768_one</xilinx:tag>
        <xilinx:tag xilinx:name="ui.data.coregen.dd@7b8cefe7_ARCHIVE_LOCATION">e:/FPGAlearn/pynq/prj/ip_repo/ad7768_one</xilinx:tag>
        <xilinx:tag xilinx:name="ui.data.coregen.dd@1839a7f6_ARCHIVE_LOCATION">e:/FPGAlearn/pynq/prj/ip_repo/ad7768_one</xilinx:tag>
        <xilinx:tag xilinx:name="ui.data.coregen.dd@22813809_ARCHIVE_LOCATION">e:/FPGAlearn/pynq/prj/ip_repo/ad7768_one</xilinx:tag>
        <xilinx:tag xilinx:name="ui.data.coregen.dd@73ebc37b_ARCHIVE_LOCATION">e:/FPGAlearn/pynq/prj/ip_repo/ad7768_one</xilinx:tag>
        <xilinx:tag xilinx:name="ui.data.coregen.dd@3d97e22a_ARCHIVE_LOCATION">e:/FPGAlearn/pynq/prj/ip_repo/ad7768_one</xilinx:tag>
        <xilinx:tag xilinx:name="ui.data.coregen.dd@c4dedef_ARCHIVE_LOCATION">e:/FPGAlearn/pynq/prj/ip_repo/ad7768_one</xilinx:tag>
        <xilinx:tag xilinx:name="ui.data.coregen.dd@e0d2a42_ARCHIVE_LOCATION">e:/FPGAlearn/pynq/prj/ip_repo/ad7768_one</xilinx:tag>
      </xilinx:tags>
    </xilinx:coreExtensions>
    <xilinx:packagingInfo>
      <xilinx:xilinxVersion>2018.3</xilinx:xilinxVersion>
      <xilinx:checksum xilinx:scope="busInterfaces" xilinx:value="dc98b60a"/>
      <xilinx:checksum xilinx:scope="fileGroups" xilinx:value="c7dc618d"/>
      <xilinx:checksum xilinx:scope="ports" xilinx:value="d46ad31e"/>
      <xilinx:checksum xilinx:scope="hdlParameters" xilinx:value="157f381c"/>
      <xilinx:checksum xilinx:scope="parameters" xilinx:value="a4ae7000"/>
    </xilinx:packagingInfo>
  </spirit:vendorExtensions>
</spirit:component>
