<?xml version="1.0"?>
<Index Version="1" Minor="0">
	<Repository value="d:/makai/AD7768/ip_repo">
	</Repository>
	<IP>
		<VLNV value="xilinx.com:user:ad7768_one:1.0">
		</VLNV>
		<DisplayName value="ad7768_one_v1_0">
		</DisplayName>
		<Description value="ad7768_one_v1_0">
		</Description>
		<CoreRevision value="4">
		</CoreRevision>
		<ComponentPath value="ad7768_one/component.xml">
		</ComponentPath>
		<Families>
			<Family name="zynq">
				<Part status="Production" name="ALL">
				</Part>
			</Family>
		</Families>
		<Taxonomies>
			<Taxonomy value="/UserIP">
			</Taxonomy>
		</Taxonomies>
	</IP>
	<IP>
		<VLNV value="xilinx.com:user:spi_two:1.0">
		</VLNV>
		<DisplayName value="ad7768_spi_two">
		</DisplayName>
		<Description value="ad7768_spi_two">
		</Description>
		<CoreRevision value="3">
		</CoreRevision>
		<ComponentPath value="ad7768_spi_two/component.xml">
		</ComponentPath>
		<Families>
			<Family name="zynq">
				<Part status="Production" name="ALL">
				</Part>
			</Family>
		</Families>
		<Taxonomies>
			<Taxonomy value="/UserIP">
			</Taxonomy>
		</Taxonomies>
	</IP>
	<IP>
		<VLNV value="xilinx.com:user:ad7768_test:1.0">
		</VLNV>
		<DisplayName value="ad7768_test_v1_0">
		</DisplayName>
		<Description value="ad7768_test_v1_0">
		</Description>
		<CoreRevision value="2">
		</CoreRevision>
		<ComponentPath value="ad7768_test/component.xml">
		</ComponentPath>
		<Families>
			<Family name="aartix7">
				<Part status="Production" name="ALL">
				</Part>
			</Family>
			<Family name="artix7">
				<Part status="Production" name="ALL">
				</Part>
			</Family>
			<Family name="artix7l">
				<Part status="Production" name="ALL">
				</Part>
			</Family>
			<Family name="aspartan7">
				<Part status="Production" name="ALL">
				</Part>
			</Family>
			<Family name="azynq">
				<Part status="Production" name="ALL">
				</Part>
			</Family>
			<Family name="kintex7">
				<Part status="Production" name="ALL">
				</Part>
			</Family>
			<Family name="kintex7l">
				<Part status="Production" name="ALL">
				</Part>
			</Family>
			<Family name="kintexu">
				<Part status="Production" name="ALL">
				</Part>
			</Family>
			<Family name="kintexuplus">
				<Part status="Production" name="ALL">
				</Part>
			</Family>
			<Family name="spartan7">
				<Part status="Production" name="ALL">
				</Part>
			</Family>
			<Family name="zynq">
				<Part status="Production" name="ALL">
				</Part>
			</Family>
			<Family name="zynquplus">
				<Part status="Production" name="ALL">
				</Part>
			</Family>
		</Families>
		<Taxonomies>
			<Taxonomy value="/UserIP">
			</Taxonomy>
		</Taxonomies>
	</IP>
	<IP>
		<VLNV value="xilinx.com:user:ad7768_test_two:1.0">
		</VLNV>
		<DisplayName value="ad7768_test_two_v1_0">
		</DisplayName>
		<Description value="ad7768_test_two_v1_0">
		</Description>
		<CoreRevision value="9">
		</CoreRevision>
		<ComponentPath value="ad7768_test_two/component.xml">
		</ComponentPath>
		<Families>
			<Family name="aartix7">
				<Part status="Production" name="ALL">
				</Part>
			</Family>
			<Family name="artix7">
				<Part status="Production" name="ALL">
				</Part>
			</Family>
			<Family name="artix7l">
				<Part status="Production" name="ALL">
				</Part>
			</Family>
			<Family name="aspartan7">
				<Part status="Production" name="ALL">
				</Part>
			</Family>
			<Family name="azynq">
				<Part status="Production" name="ALL">
				</Part>
			</Family>
			<Family name="kintex7">
				<Part status="Production" name="ALL">
				</Part>
			</Family>
			<Family name="kintex7l">
				<Part status="Production" name="ALL">
				</Part>
			</Family>
			<Family name="kintexu">
				<Part status="Production" name="ALL">
				</Part>
			</Family>
			<Family name="kintexuplus">
				<Part status="Production" name="ALL">
				</Part>
			</Family>
			<Family name="spartan7">
				<Part status="Production" name="ALL">
				</Part>
			</Family>
			<Family name="zynq">
				<Part status="Production" name="ALL">
				</Part>
			</Family>
			<Family name="zynquplus">
				<Part status="Production" name="ALL">
				</Part>
			</Family>
		</Families>
		<Taxonomies>
			<Taxonomy value="/UserIP">
			</Taxonomy>
		</Taxonomies>
	</IP>
	<IP>
		<VLNV value="xilinx.com:user:AXI_AD7768:1.0">
		</VLNV>
		<DisplayName value="AXI_AD7768_v1.0">
		</DisplayName>
		<Description value="My new AXI IP">
		</Description>
		<CoreRevision value="9">
		</CoreRevision>
		<ComponentPath value="AXI_AD7768_1.0/component.xml">
		</ComponentPath>
		<Families>
			<Family name="zynq">
				<Part status="Pre-Production" name="ALL">
				</Part>
			</Family>
		</Families>
		<Taxonomies>
			<Taxonomy value="AXI_Peripheral">
			</Taxonomy>
		</Taxonomies>
		<Interfaces>
			<Interface value="AXI4">
			</Interface>
		</Interfaces>
	</IP>
</Index>

